calendar_date,year,month,day,month_name,date_label,drink_index,alcohol,amount,unit,abv,price,currency,notes,preview
2023-01-01,2023,1,1,January,1 January,1,Beer,3000,ml,,,₽,,3l
2023-01-02,2023,1,2,January,2 January,1,Beer,1000,ml,,,₽,,1l
2023-01-03,2023,1,3,January,3 January,1,Beer,1200,ml,4.5,,₽,у кирилла,1.2l
2023-01-04,2023,1,4,January,4 January,1,,,,,,,,
2023-01-05,2023,1,5,January,5 January,1,Beer,1000,ml,,,₽,,1l
2023-01-06,2023,1,6,January,6 January,1,Beer,1000,ml,,,₽,,1l
2023-01-07,2023,1,7,January,7 January,1,Beer,1000,ml,4.5,120,₽,,"1l
120 ₽"
2023-01-08,2023,1,8,January,8 January,1,Beer,1500,ml,5,,₽,у сереги,1.5l
2023-01-09,2023,1,9,January,9 January,1,,,,,,,,
2023-01-10,2023,1,10,January,10 January,1,,,,,,,,
2023-01-11,2023,1,11,January,11 January,1,,,,,,,,
2023-01-12,2023,1,12,January,12 January,1,Beer,3000,ml,5,1000,₽,,"3l
1000 ₽"
2023-01-13,2023,1,13,January,13 January,1,,,,,,,,
2023-01-14,2023,1,14,January,14 January,1,Beer,1000,ml,4.8,110,₽,,"1l
110 ₽"
2023-01-15,2023,1,15,January,15 January,1,Beer,500,ml,4.8,55,₽,,"0.5l
55 ₽"
2023-01-16,2023,1,16,January,16 January,1,Beer,1000,ml,5.5,120,₽,,"1l
120 ₽"
2023-01-17,2023,1,17,January,17 January,1,Beer,500,ml,65,80,₽,,"0.5l
80 ₽"
2023-01-18,2023,1,18,January,18 January,1,,,,,,,,
2023-01-19,2023,1,19,January,19 January,1,Beer,2000,ml,5,240,₽,,"2l
240 ₽"
2023-01-20,2023,1,20,January,20 January,1,Beer,400,ml,5.5,,₽,,0.4l
2023-01-21,2023,1,21,January,21 January,1,,,,,,,,
2023-01-22,2023,1,22,January,22 January,1,,,,,,,,
2023-01-23,2023,1,23,January,23 January,1,,,,,,,,
2023-01-24,2023,1,24,January,24 January,1,,,,,,,,
2023-01-25,2023,1,25,January,25 January,1,,,,,,,,
2023-01-26,2023,1,26,January,26 January,1,,,,,,,,
2023-01-27,2023,1,27,January,27 January,1,,,,,,,,
2023-01-28,2023,1,28,January,28 January,1,,,,,,,,
2023-01-29,2023,1,29,January,29 January,1,,,,,,,,
2023-01-30,2023,1,30,January,30 January,1,,,,,,,,
2023-01-31,2023,1,31,January,31 January,1,,,,,,,,
2023-02-01,2023,2,1,February,1 February,1,,,,,,,,
2023-02-02,2023,2,2,February,2 February,1,,,,,,,,
2023-02-03,2023,2,3,February,3 February,1,,,,,,,,
2023-02-04,2023,2,4,February,4 February,1,,,,,,,,
2023-02-05,2023,2,5,February,5 February,1,,,,,,,,
2023-02-06,2023,2,6,February,6 February,1,,,,,,,,
2023-02-07,2023,2,7,February,7 February,1,Beer,2000,ml,5,250,₽,,"2l
250 ₽"
2023-02-08,2023,2,8,February,8 February,1,Beer,1500,ml,,200,₽,,"1.5l
200 ₽"
2023-02-09,2023,2,9,February,9 February,1,,,,,,,,
2023-02-10,2023,2,10,February,10 February,1,,,,,,,,
2023-02-11,2023,2,11,February,11 February,1,,,,,,,,
2023-02-12,2023,2,12,February,12 February,1,Beer,3500,ml,5,1200,₽,,"3.5l
1200 ₽"
2023-02-13,2023,2,13,February,13 February,1,,,,,,,,
2023-02-14,2023,2,14,February,14 February,1,,,,,,,,
2023-02-15,2023,2,15,February,15 February,1,Beer,500,ml,5.9,60,₽,,"0.5l
60 ₽"
2023-02-16,2023,2,16,February,16 February,1,Beer,2000,ml,5.5,200,₽,,"2l
200 ₽"
2023-02-17,2023,2,17,February,17 February,1,Beer,500,ml,,60,₽,,"0.5l
60 ₽"
2023-02-18,2023,2,18,February,18 February,1,,,,,,,,
2023-02-19,2023,2,19,February,19 February,1,Beer,1250,ml,,150,₽,,"1.25l
150 ₽"
2023-02-20,2023,2,20,February,20 February,1,Whiskey,150,ml,40,,₽,,0.15l
2023-02-20,2023,2,20,February,20 February,2,Beer,2000,ml,5,200,₽,,"2l
200 ₽"
2023-02-21,2023,2,21,February,21 February,1,,,,,,,,
2023-02-22,2023,2,22,February,22 February,1,Cocktail,250,ml,20,300,₽,"деревенька почти, настойка","0.25l
300 ₽"
2023-02-22,2023,2,22,February,22 February,2,Beer,1800,ml,,740,₽,,"1.8l
740 ₽"
2023-02-23,2023,2,23,February,23 February,1,Beer,250,ml,,,₽,,0.25l
2023-02-24,2023,2,24,February,24 February,1,,,,,,,,
2023-02-25,2023,2,25,February,25 February,1,,,,,,,,
2023-02-26,2023,2,26,February,26 February,1,Beer,2500,ml,6,800,₽,,"2.5l
800 ₽"
2023-02-26,2023,2,26,February,26 February,2,Liquor,250,ml,20,140,₽,,"0.25l
140 ₽"
2023-02-27,2023,2,27,February,27 February,1,,,,,,,,
2023-02-28,2023,2,28,February,28 February,1,Whiskey,150,ml,40,,₽,,0.15l
2023-02-28,2023,2,28,February,28 February,2,Beer,1700,ml,,150,₽,,"1.7l
150 ₽"
2023-03-01,2023,3,1,March,1 March,1,,,,,,,,
2023-03-02,2023,3,2,March,2 March,1,Whiskey,50,ml,40,,₽,,50ml
2023-03-02,2023,3,2,March,2 March,2,Red wine,600,ml,,300,₽,,"0.6l
300 ₽"
2023-03-02,2023,3,2,March,2 March,3,Beer,800,ml,,,₽,,0.8l
2023-03-03,2023,3,3,March,3 March,1,Rum,100,ml,,,₽,,0.1l
2023-03-03,2023,3,3,March,3 March,2,Beer,2000,ml,,220,₽,,"2l
220 ₽"
2023-03-04,2023,3,4,March,4 March,1,Beer,2500,ml,,200,₽,,"2.5l
200 ₽"
2023-03-05,2023,3,5,March,5 March,1,Red wine,1200,ml,,800,₽,,"1.2l
800 ₽"
2023-03-06,2023,3,6,March,6 March,1,,,,,,,,
2023-03-07,2023,3,7,March,7 March,1,Beer,2500,ml,,250,₽,,"2.5l
250 ₽"
2023-03-08,2023,3,8,March,8 March,1,,,,,,,,
2023-03-09,2023,3,9,March,9 March,1,,,,,,,,
2023-03-10,2023,3,10,March,10 March,1,,,,,,,,
2023-03-11,2023,3,11,March,11 March,1,Vodka,200,ml,40,,₽,,0.2l
2023-03-12,2023,3,12,March,12 March,1,,,,,,,,
2023-03-13,2023,3,13,March,13 March,1,Cocktail,100,ml,,,₽,лимончелло,0.1l
2023-03-13,2023,3,13,March,13 March,2,Beer,900,ml,,,₽,,0.9l
2023-03-14,2023,3,14,March,14 March,1,,,,,,,,
2023-03-15,2023,3,15,March,15 March,1,,,,,,,,
2023-03-16,2023,3,16,March,16 March,1,Vodka,100,ml,40,,₽,,0.1l
2023-03-16,2023,3,16,March,16 March,2,Beer,2000,ml,,150,₽,,"2l
150 ₽"
2023-03-17,2023,3,17,March,17 March,1,Whiskey,200,ml,40,,₽,,0.2l
2023-03-17,2023,3,17,March,17 March,2,Beer,3500,ml,,1000,₽,,"3.5l
1000 ₽"
2023-03-18,2023,3,18,March,18 March,1,Beer,300,ml,8.5,,₽,,0.3l
2023-03-19,2023,3,19,March,19 March,1,Beer,1500,ml,,300,₽,,"1.5l
300 ₽"
2023-03-20,2023,3,20,March,20 March,1,Beer,2200,ml,,350,₽,,"2.2l
350 ₽"
2023-03-21,2023,3,21,March,21 March,1,,,,,,,,
2023-03-22,2023,3,22,March,22 March,1,,,,,,,,
2023-03-23,2023,3,23,March,23 March,1,Beer,1000,ml,,145,₽,,"1l
145 ₽"
2023-03-24,2023,3,24,March,24 March,1,Cocktail,200,ml,20,,₽,,0.2l
2023-03-24,2023,3,24,March,24 March,2,Beer,200,ml,,,₽,,0.2l
2023-03-25,2023,3,25,March,25 March,1,,,,,,,,
2023-03-26,2023,3,26,March,26 March,1,,,,,,,,
2023-03-27,2023,3,27,March,27 March,1,,,,,,,,
2023-03-28,2023,3,28,March,28 March,1,,,,,,,,
2023-03-29,2023,3,29,March,29 March,1,Liquor,200,ml,,400,₽,Limonchello,"0.2l
400 ₽"
2023-03-29,2023,3,29,March,29 March,2,Beer,1200,ml,,,₽,,1.2l
2023-03-30,2023,3,30,March,30 March,1,,,,,,,,
2023-03-31,2023,3,31,March,31 March,1,,,,,,,,
2023-04-01,2023,4,1,April,1 April,1,Sambuca,200,ml,,,₽,,0.2l
2023-04-01,2023,4,1,April,1 April,2,Liquor,500,ml,25,800,₽,limonchello,"0.5l
800 ₽"
2023-04-01,2023,4,1,April,1 April,3,Vodka,500,ml,40,,₽,,0.5l
2023-04-02,2023,4,2,April,2 April,1,Beer,500,ml,,54,₽,,"0.5l
54 ₽"
2023-04-03,2023,4,3,April,3 April,1,,,,,,,,
2023-04-04,2023,4,4,April,4 April,1,,,,,,,,
2023-04-05,2023,4,5,April,5 April,1,,,,,,,,
2023-04-06,2023,4,6,April,6 April,1,,,,,,,,
2023-04-07,2023,4,7,April,7 April,1,,,,,,,,
2023-04-08,2023,4,8,April,8 April,1,,,,,,,,
2023-04-09,2023,4,9,April,9 April,1,,,,,,,,
2023-04-10,2023,4,10,April,10 April,1,,,,,,,,
2023-04-11,2023,4,11,April,11 April,1,,,,,,,,
2023-04-12,2023,4,12,April,12 April,1,,,,,,,,
2023-04-13,2023,4,13,April,13 April,1,,,,,,,,
2023-04-14,2023,4,14,April,14 April,1,,,,,,,,
2023-04-15,2023,4,15,April,15 April,1,,,,,,,,
2023-04-16,2023,4,16,April,16 April,1,Beer,1800,ml,,,₽,,1.8l
2023-04-17,2023,4,17,April,17 April,1,Beer,500,ml,,70,₽,,"0.5l
70 ₽"
2023-04-18,2023,4,18,April,18 April,1,Beer,500,ml,,70,₽,,"0.5l
70 ₽"
2023-04-19,2023,4,19,April,19 April,1,Beer,1300,ml,,50,₽,,"1.3l
50 ₽"
2023-04-20,2023,4,20,April,20 April,1,,,,,,,,
2023-04-21,2023,4,21,April,21 April,1,,,,,,,,
2023-04-22,2023,4,22,April,22 April,1,,,,,,,,
2023-04-23,2023,4,23,April,23 April,1,Beer,500,ml,,,₽,,0.5l
2023-04-24,2023,4,24,April,24 April,1,,,,,,,,
2023-04-25,2023,4,25,April,25 April,1,,,,,,,,
2023-04-26,2023,4,26,April,26 April,1,,,,,,,,
2023-04-27,2023,4,27,April,27 April,1,Beer,1500,ml,,,₽,,1.5l
2023-04-28,2023,4,28,April,28 April,1,Vodka,400,ml,40,,₽,,0.4l
2023-04-28,2023,4,28,April,28 April,2,Beer,1500,ml,,,₽,сидр,1.5l
2023-04-28,2023,4,28,April,28 April,3,Beer,1500,ml,,,₽,,1.5l
2023-04-29,2023,4,29,April,29 April,1,Vodka,200,ml,40,,₽,,0.2l
2023-04-29,2023,4,29,April,29 April,2,Beer,2500,ml,,,₽,,2.5l
2023-04-30,2023,4,30,April,30 April,1,Beer,1200,ml,,138,₽,,"1.2l
138 ₽"
2023-05-01,2023,5,1,May,1 May,1,Beer,2000,ml,,260,₽,,"2l
260 ₽"
2023-05-02,2023,5,2,May,2 May,1,,,,,,,,
2023-05-03,2023,5,3,May,3 May,1,,,,,,,,
2023-05-04,2023,5,4,May,4 May,1,,,,,,,,
2023-05-05,2023,5,5,May,5 May,1,,,,,,,,
2023-05-06,2023,5,6,May,6 May,1,,,,,,,,
2023-05-07,2023,5,7,May,7 May,1,Vodka,250,ml,40,,₽,,0.25l
2023-05-07,2023,5,7,May,7 May,2,Beer,3000,ml,,,₽,,3l
2023-05-08,2023,5,8,May,8 May,1,Beer,1800,ml,,,₽,Афанасий под Гоблина братва и кольцо,1.8l
2023-05-09,2023,5,9,May,9 May,1,Cognac,150,ml,,,₽,бауманец 20 лет назад закончил стаканчики есть?,0.15l
2023-05-09,2023,5,9,May,9 May,2,Beer,3000,ml,,,₽,,3l
2023-05-10,2023,5,10,May,10 May,1,,,,,,,,
2023-05-11,2023,5,11,May,11 May,1,,,,,,,,
2023-05-12,2023,5,12,May,12 May,1,Beer,2000,ml,,2000,₽,,"2l
2000 ₽"
2023-05-13,2023,5,13,May,13 May,1,Rum,100,ml,,,₽,,0.1l
2023-05-13,2023,5,13,May,13 May,2,White wine,200,ml,,,₽,,0.2l
2023-05-13,2023,5,13,May,13 May,3,Beer,3500,ml,,300,₽,,"3.5l
300 ₽"
2023-05-14,2023,5,14,May,14 May,1,,,,,,,,
2023-05-15,2023,5,15,May,15 May,1,,,,,,,,
2023-05-16,2023,5,16,May,16 May,1,,,,,,,,
2023-05-17,2023,5,17,May,17 May,1,,,,,,,,
2023-05-18,2023,5,18,May,18 May,1,,,,,,,,
2023-05-19,2023,5,19,May,19 May,1,,,,,,,,
2023-05-20,2023,5,20,May,20 May,1,Beer,3000,ml,,600,₽,4 сиськи,"3l
600 ₽"
2023-05-21,2023,5,21,May,21 May,1,,,,,,,,
2023-05-22,2023,5,22,May,22 May,1,,,,,,,,
2023-05-23,2023,5,23,May,23 May,1,,,,,,,,
2023-05-24,2023,5,24,May,24 May,1,,,,,,,,
2023-05-25,2023,5,25,May,25 May,1,,,,,,,,
2023-05-26,2023,5,26,May,26 May,1,Vodka,300,ml,40,,₽,,0.3l
2023-05-26,2023,5,26,May,26 May,2,Beer,1500,ml,,138,₽,,"1.5l
138 ₽"
2023-05-27,2023,5,27,May,27 May,1,Beer,1800,ml,,280,₽,,"1.8l
280 ₽"
2023-05-28,2023,5,28,May,28 May,1,,,,,,,,
2023-05-29,2023,5,29,May,29 May,1,,,,,,,,
2023-05-30,2023,5,30,May,30 May,1,,,,,,,,
2023-05-31,2023,5,31,May,31 May,1,,,,,,,,
2023-06-01,2023,6,1,June,1 June,1,Beer,1600,ml,,200,₽,,"1.6l
200 ₽"
2023-06-02,2023,6,2,June,2 June,1,Beer,500,ml,,,₽,,0.5l
2023-06-03,2023,6,3,June,3 June,1,,,,,,,,
2023-06-04,2023,6,4,June,4 June,1,,,,,,,,
2023-06-05,2023,6,5,June,5 June,1,,,,,,,,
2023-06-06,2023,6,6,June,6 June,1,,,,,,,,
2023-06-07,2023,6,7,June,7 June,1,,,,,,,,
2023-06-08,2023,6,8,June,8 June,1,,,,,,,,
2023-06-09,2023,6,9,June,9 June,1,Red wine,1000,ml,,600,₽,,"1l
600 ₽"
2023-06-09,2023,6,9,June,9 June,2,Beer,1000,ml,,120,₽,,"1l
120 ₽"
2023-06-10,2023,6,10,June,10 June,1,Beer,2000,ml,,300,₽,,"2l
300 ₽"
2023-06-10,2023,6,10,June,10 June,2,Red wine,200,ml,,300,₽,,"0.2l
300 ₽"
2023-06-11,2023,6,11,June,11 June,1,Beer,1300,ml,,140,₽,,"1.3l
140 ₽"
2023-06-12,2023,6,12,June,12 June,1,Beer,2000,ml,,300,₽,,"2l
300 ₽"
2023-06-13,2023,6,13,June,13 June,1,,,,,,,,
2023-06-14,2023,6,14,June,14 June,1,,,,,,,,
2023-06-15,2023,6,15,June,15 June,1,,,,,,,,
2023-06-16,2023,6,16,June,16 June,1,,,,,,,,
2023-06-17,2023,6,17,June,17 June,1,Beer,2500,ml,,420,₽,3 сиськи на двоих,"2.5l
420 ₽"
2023-06-18,2023,6,18,June,18 June,1,,,,,,,,
2023-06-19,2023,6,19,June,19 June,1,,,,,,,,
2023-06-20,2023,6,20,June,20 June,1,,,,,,,,
2023-06-21,2023,6,21,June,21 June,1,,,,,,,,
2023-06-22,2023,6,22,June,22 June,1,Tequila,100,ml,,,₽,Макс пару котэйлэй сделал,0.1l
2023-06-22,2023,6,22,June,22 June,2,Beer,568,ml,,,₽,Макс подогнал,0.57l
2023-06-23,2023,6,23,June,23 June,1,Cider,1800,ml,,200,₽,,"1.8l
200 ₽"
2023-06-23,2023,6,23,June,23 June,2,Beer,1000,ml,,140,₽,,"1l
140 ₽"
2023-06-24,2023,6,24,June,24 June,1,Beer,3000,ml,,,₽,др Лизы,3l
2023-06-25,2023,6,25,June,25 June,1,,,,,,,,
2023-06-26,2023,6,26,June,26 June,1,,,,,,,,
2023-06-27,2023,6,27,June,27 June,1,Beer,1500,ml,,140,₽,,"1.5l
140 ₽"
2023-06-28,2023,6,28,June,28 June,1,,,,,,,,
2023-06-29,2023,6,29,June,29 June,1,,,,,,,,
2023-06-29,2023,6,29,June,29 June,2,,,,,,,,
2023-06-30,2023,6,30,June,30 June,1,,,,,,,,
2023-07-01,2023,7,1,July,1 July,1,Beer,7000,ml,,1200,₽,дача Марины,"7l
1200 ₽"
2023-07-02,2023,7,2,July,2 July,1,,,,,,,,
2023-07-06,2023,7,6,July,6 July,1,Beer,1000,ml,,170,₽,,"1l
170 ₽"
2023-07-07,2023,7,7,July,7 July,1,Beer,2500,ml,,600,₽,волковская,"2.5l
600 ₽"
2023-07-13,2023,7,13,July,13 July,1,Red wine,400,ml,,,₽,,0.4l
2023-07-13,2023,7,13,July,13 July,2,Beer,500,ml,,,₽,,0.5l
2023-07-13,2023,7,13,July,13 July,3,Vodka,150,ml,40,,₽,,0.15l
2023-07-14,2023,7,14,July,14 July,1,White wine,1000,ml,,1500,₽,портвешок,"1l
1500 ₽"
2023-07-15,2023,7,15,July,15 July,1,Beer,2000,ml,,,₽,,2l
2023-07-15,2023,7,15,July,15 July,2,Red wine,700,ml,,300,₽,,"0.7l
300 ₽"
2023-07-16,2023,7,16,July,16 July,1,Beer,3500,ml,,,₽,,3.5l
2023-07-17,2023,7,17,July,17 July,1,Beer,2000,ml,,,₽,,2l
2023-07-18,2023,7,18,July,18 July,1,Red wine,200,ml,,,₽,,0.2l
2023-07-18,2023,7,18,July,18 July,2,Beer,1000,ml,,,₽,,1l
2023-07-19,2023,7,19,July,19 July,1,Beer,2000,ml,,,₽,,2l
2023-07-20,2023,7,20,July,20 July,1,Beer,1000,ml,,,₽,,1l
2023-07-20,2023,7,20,July,20 July,2,Red wine,500,ml,,,₽,,0.5l
2023-07-22,2023,7,22,July,22 July,1,Vodka,150,ml,40,,₽,,0.15l
2023-07-22,2023,7,22,July,22 July,2,Beer,1200,ml,,,₽,,1.2l
2023-07-25,2023,7,25,July,25 July,1,Beer,500,ml,,72,₽,,"0.5l
72 ₽"
2023-07-27,2023,7,27,July,27 July,1,Beer,1300,ml,,,₽,,1.3l
2023-07-28,2023,7,28,July,28 July,1,Vodka,150,ml,40,,₽,,0.15l
2023-07-28,2023,7,28,July,28 July,2,Beer,1500,ml,,,₽,,1.5l
2023-07-29,2023,7,29,July,29 July,1,Beer,1500,ml,,,₽,,1.5l
2023-08-04,2023,8,4,August,4 August,1,Beer,2500,ml,,350,₽,,"2.5l
350 ₽"
2023-08-08,2023,8,8,August,8 August,1,Champagne,400,ml,8,250,₽,,"0.4l
250 ₽"
2023-08-08,2023,8,8,August,8 August,2,Cider,500,ml,,65,₽,,"0.5l
65 ₽"
2023-08-08,2023,8,8,August,8 August,3,Beer,1000,ml,,150,₽,,"1l
150 ₽"
2023-08-10,2023,8,10,August,10 August,1,Champagne,400,ml,,260,₽,,"0.4l
260 ₽"
2023-08-10,2023,8,10,August,10 August,2,Beer,1300,ml,,300,₽,,"1.3l
300 ₽"
2023-08-11,2023,8,11,August,11 August,1,Vodka,100,ml,40,,₽,,0.1l
2023-08-11,2023,8,11,August,11 August,2,Beer,3000,ml,,500,₽,,"3l
500 ₽"
2023-08-12,2023,8,12,August,12 August,1,Vodka,200,ml,40,,₽,,0.2l
2023-08-12,2023,8,12,August,12 August,2,Beer,3500,ml,,600,₽,,"3.5l
600 ₽"
2023-08-13,2023,8,13,August,13 August,1,Beer,700,ml,,,₽,,0.7l
2023-08-20,2023,8,20,August,20 August,1,Vodka,150,ml,40,,₽,,0.15l
2023-08-20,2023,8,20,August,20 August,2,Beer,1500,ml,,,₽,,1.5l
2023-08-21,2023,8,21,August,21 August,1,Vodka,200,ml,,,₽,,0.2l
2023-08-21,2023,8,21,August,21 August,2,Beer,1000,ml,,,₽,,1l
2023-08-22,2023,8,22,August,22 August,1,Vodka,200,ml,40,,₽,,0.2l
2023-08-22,2023,8,22,August,22 August,2,Beer,1000,ml,,,₽,,1l
2023-08-23,2023,8,23,August,23 August,1,Beer,1500,ml,,,₽,,1.5l
2023-08-24,2023,8,24,August,24 August,1,Vodka,250,ml,40,2500,₽,цена за всю водку за год,"0.25l
2500 ₽"
2023-08-24,2023,8,24,August,24 August,2,Beer,2500,ml,,,₽,,2.5l
2023-09-02,2023,9,2,September,2 September,1,Beer,1700,ml,,250,₽,,"1.7l
250 ₽"
2023-09-04,2023,9,4,September,4 September,1,Beer,3000,ml,,300,₽,,"3l
300 ₽"
2023-09-09,2023,9,9,September,9 September,1,Cider,1400,ml,,350,₽,,"1.4l
350 ₽"
2023-09-11,2023,9,11,September,11 September,1,Beer,1600,ml,,,₽,,1.6l
2023-09-14,2023,9,14,September,14 September,1,Beer,1600,ml,,400,₽,,"1.6l
400 ₽"
2023-09-15,2023,9,15,September,15 September,1,Beer,500,ml,,,₽,,0.5l
2023-09-16,2023,9,16,September,16 September,1,Beer,1500,ml,,200,₽,,"1.5l
200 ₽"
2023-09-22,2023,9,22,September,22 September,1,White wine,350,ml,,300,₽,,"0.35l
300 ₽"
2023-09-22,2023,9,22,September,22 September,2,Red wine,350,ml,,300,₽,,"0.35l
300 ₽"
2023-09-23,2023,9,23,September,23 September,1,Cider,500,ml,,70,₽,,"0.5l
70 ₽"
2023-09-23,2023,9,23,September,23 September,2,Beer,1000,ml,,130,₽,,"1l
130 ₽"
2023-09-24,2023,9,24,September,24 September,1,Beer,1000,ml,,120,₽,,"1l
120 ₽"
2023-09-29,2023,9,29,September,29 September,1,Beer,2300,ml,,500,₽,,"2.3l
500 ₽"
2023-09-30,2023,9,30,September,30 September,1,Cider,500,ml,,60,₽,,"0.5l
60 ₽"
2023-10-01,2023,10,1,October,1 October,1,Beer,1000,ml,,130,₽,,"1l
130 ₽"
2023-10-02,2023,10,2,October,2 October,1,,,,,,,,
2023-10-03,2023,10,3,October,3 October,1,,,,,,,,
2023-10-04,2023,10,4,October,4 October,1,,,,,,,,
2023-10-05,2023,10,5,October,5 October,1,,,,,,,,
2023-10-06,2023,10,6,October,6 October,1,Beer,3000,ml,,3000,₽,,"3l
3000 ₽"
2023-10-07,2023,10,7,October,7 October,1,Beer,500,ml,,,₽,,0.5l
2023-10-08,2023,10,8,October,8 October,1,Beer,500,ml,,,₽,,0.5l
2023-10-09,2023,10,9,October,9 October,1,,,,,,,,
2023-10-10,2023,10,10,October,10 October,1,,,,,,,,
2023-10-11,2023,10,11,October,11 October,1,Beer,1400,ml,,300,₽,Оппенгеймер,"1.4l
300 ₽"
2023-10-12,2023,10,12,October,12 October,1,,,,,,,,
2023-10-13,2023,10,13,October,13 October,1,Cider,500,ml,,,₽,,0.5l
2023-10-13,2023,10,13,October,13 October,2,Beer,1000,ml,,,₽,,1l
2023-10-14,2023,10,14,October,14 October,1,,,,,,,,
2023-10-15,2023,10,15,October,15 October,1,,,,,,,,
2023-10-16,2023,10,16,October,16 October,1,,,,,,,,
2023-10-17,2023,10,17,October,17 October,1,,,,,,,,
2023-10-18,2023,10,18,October,18 October,1,Beer,1000,ml,4,,₽,,1l
2023-10-19,2023,10,19,October,19 October,1,,,,,,,,
2023-10-20,2023,10,20,October,20 October,1,Beer,2000,ml,5,,₽,,2l
2023-10-21,2023,10,21,October,21 October,1,Beer,1600,ml,5,2000,₽,салденс,"1.6l
2000 ₽"
2023-10-22,2023,10,22,October,22 October,1,,,,,,,,
2023-10-23,2023,10,23,October,23 October,1,,,,,,,,
2023-10-24,2023,10,24,October,24 October,1,,,,,,,,
2023-10-25,2023,10,25,October,25 October,1,,,,,,,,
2023-10-26,2023,10,26,October,26 October,1,,,,,,,,
2023-10-27,2023,10,27,October,27 October,1,,,,,,,,
2023-10-28,2023,10,28,October,28 October,1,Red wine,850,ml,,600,₽,,"0.85l
600 ₽"
2023-10-28,2023,10,28,October,28 October,2,Beer,1000,ml,,150,₽,,"1l
150 ₽"
2023-10-29,2023,10,29,October,29 October,1,,,,,,,,
2023-10-30,2023,10,30,October,30 October,1,Beer,500,ml,,,₽,,0.5l
2023-10-31,2023,10,31,October,31 October,1,,,,,,,,
2023-11-01,2023,11,1,November,1 November,1,,,,,,,,
2023-11-02,2023,11,2,November,2 November,1,,,,,,,,
2023-11-03,2023,11,3,November,3 November,1,Beer,1000,ml,,,₽,,1l
2023-11-04,2023,11,4,November,4 November,1,Beer,2300,ml,,,₽,,2.3l
2023-11-05,2023,11,5,November,5 November,1,White wine,400,ml,17.5,400,₽,портвешок,"0.4l
400 ₽"
2023-11-05,2023,11,5,November,5 November,2,Beer,3000,ml,,,₽,,3l
2023-11-06,2023,11,6,November,6 November,1,,,,,,,,
2023-11-07,2023,11,7,November,7 November,1,,,,,,,,
2023-11-08,2023,11,8,November,8 November,1,,,,,,,,
2023-11-09,2023,11,9,November,9 November,1,,,,,,,,
2023-11-10,2023,11,10,November,10 November,1,Cocktail,800,ml,8,,₽,канистра,0.8l
2023-11-10,2023,11,10,November,10 November,2,Cider,500,ml,,,₽,,0.5l
2023-11-10,2023,11,10,November,10 November,3,Beer,2000,ml,,,₽,,2l
2023-11-11,2023,11,11,November,11 November,1,,,,,,,,
2023-11-12,2023,11,12,November,12 November,1,,,,,,,,
2023-11-13,2023,11,13,November,13 November,1,Beer,500,ml,,,₽,,0.5l
2023-11-14,2023,11,14,November,14 November,1,,,,,,,,
2023-11-15,2023,11,15,November,15 November,1,Red wine,375,ml,,,₽,,0.38l
2023-11-15,2023,11,15,November,15 November,2,Beer,750,ml,,,₽,,0.75l
2023-11-16,2023,11,16,November,16 November,1,,,,,,,,
2023-11-17,2023,11,17,November,17 November,1,Beer,250,ml,,270,₽,за обедом с Костей,"0.25l
270 ₽"
2023-11-18,2023,11,18,November,18 November,1,Champagne,300,ml,,,₽,мама угостила,0.3l
2023-11-18,2023,11,18,November,18 November,2,Beer,400,ml,,400,₽,пиво вишня фрукт компот блэк стар бургер,"0.4l
400 ₽"
2023-11-19,2023,11,19,November,19 November,1,Beer,500,ml,,,₽,томатно смородиновое от Кирилла,0.5l
2023-11-19,2023,11,19,November,19 November,2,Vodka,100,ml,40,,₽,настоечка Кирилла,0.1l
2023-11-19,2023,11,19,November,19 November,3,Beer,1500,ml,,,₽,,1.5l
2023-11-20,2023,11,20,November,20 November,1,Beer,500,ml,,,₽,ириска от Кирилла,0.5l
2023-11-21,2023,11,21,November,21 November,1,,,,,,,,
2023-11-21,2023,11,21,November,21 November,2,,,,,,,,
2023-11-22,2023,11,22,November,22 November,1,,,,,,,,
2023-11-23,2023,11,23,November,23 November,1,,,,,,,,
2023-11-23,2023,11,23,November,23 November,2,,,,,,,,
2023-11-24,2023,11,24,November,24 November,1,Cider,500,ml,,65,₽,кристма стри эль,"0.5l
65 ₽"
2023-11-24,2023,11,24,November,24 November,2,Beer,1000,ml,,160,₽,,"1l
160 ₽"
2023-11-25,2023,11,25,November,25 November,1,Cider,1000,ml,,140,₽,,"1l
140 ₽"
2023-11-26,2023,11,26,November,26 November,1,Beer,900,ml,,160,₽,ю-би-лей!!!,"0.9l
160 ₽"
2023-11-27,2023,11,27,November,27 November,1,,,,,,,,
2023-11-28,2023,11,28,November,28 November,1,Beer,0.5,l,,,₽,,0.5l
2023-11-29,2023,11,29,November,29 November,1,,,,,,,,
2023-11-30,2023,11,30,November,30 November,1,,,,,,,,
2023-12-01,2023,12,1,December,1 December,1,Cider,0.5,l,,80,₽,воочок медовуха,"0.5l
80 ₽"
2023-12-01,2023,12,1,December,1 December,2,Vodka,0.08,l,,90,₽,настойка лимон зеленая марка,"0.08l
90 ₽"
2023-12-01,2023,12,1,December,1 December,3,Beer,0.5,l,,115,₽,томато соль из пятёрочки,"0.5l
115 ₽"
2023-12-01,2023,12,1,December,1 December,4,Beer,0.5,l,,,₽,,0.5l
2023-12-02,2023,12,2,December,2 December,1,Beer,0.25,l,,,₽,,0.25l
2023-12-03,2023,12,3,December,3 December,1,,,,,,,,
2023-12-04,2023,12,4,December,4 December,1,,,,,,,,
2023-12-05,2023,12,5,December,5 December,1,,,,,,,,
2023-12-06,2023,12,6,December,6 December,1,,,,,,,,
2023-12-07,2023,12,7,December,7 December,1,Beer,2,l,4.8,800,₽,волчок после театра,"2l
800 ₽"
2023-12-08,2023,12,8,December,8 December,1,,,,,,,,
2023-12-09,2023,12,9,December,9 December,1,,,,,,,,
2023-12-10,2023,12,10,December,10 December,1,,,,,,,,
2023-12-11,2023,12,11,December,11 December,1,,,,,,,,
2023-12-12,2023,12,12,December,12 December,1,,,,,,,,
2023-12-13,2023,12,13,December,13 December,1,,,,,,,,
2023-12-14,2023,12,14,December,14 December,1,,,,,,,,
2023-12-15,2023,12,15,December,15 December,1,,,,,,,,
2023-12-16,2023,12,16,December,16 December,1,Vodka,0.2,l,40,175,₽,,"0.2l
175 ₽"
2023-12-17,2023,12,17,December,17 December,1,Vodka,0.2,l,4,175,₽,,"0.2l
175 ₽"
2023-12-18,2023,12,18,December,18 December,1,,,,,,,,
2023-12-19,2023,12,19,December,19 December,1,,,,,,,,
2023-12-20,2023,12,20,December,20 December,1,,,,,,,,
2023-12-21,2023,12,21,December,21 December,1,,,,,,,,
2023-12-22,2023,12,22,December,22 December,1,Gin,0.3,l,40,,₽,дохера нажрался на корпоративе всякого,0.3l
2023-12-23,2023,12,23,December,23 December,1,,,,,,,,
2023-12-24,2023,12,24,December,24 December,1,,,,,,,,
2023-12-25,2023,12,25,December,25 December,1,Beer,0.5,l,4.5,70,₽,милешейк ипа тропик волк,"0.5l
70 ₽"
2023-12-26,2023,12,26,December,26 December,1,,,,,,,,
2023-12-27,2023,12,27,December,27 December,1,,,,,,,,
2023-12-28,2023,12,28,December,28 December,1,,,,,,,,
2023-12-29,2023,12,29,December,29 December,1,,,,,,,,
2023-12-30,2023,12,30,December,30 December,1,,,,,,,,
2023-12-31,2023,12,31,December,31 December,1,Whiskey,0.15,l,,,₽,,0.15l
2023-12-31,2023,12,31,December,31 December,2,Champagne,0.3,l,,,₽,,0.3l
2023-12-31,2023,12,31,December,31 December,3,Beer,1.5,l,,,₽,,1.5l
2024-01-01,2024,1,1,January,1 January,1,Beer,0.5,l,4.7,,₽,майкол джексын,0.5l
2024-01-02,2024,1,2,January,2 January,1,Vodka,0.15,l,40,,₽,,0.15l
2024-01-03,2024,1,3,January,3 January,1,Vodka,0.15,l,40,,₽,,0.15l
2024-01-03,2024,1,3,January,3 January,2,Beer,1.5,l,5,240,₽,,"1.5l
240 ₽"
2024-01-04,2024,1,4,January,4 January,1,Vodka,0.15,l,40,,₽,,0.15l
2024-01-04,2024,1,4,January,4 January,2,Beer,1,l,5,,₽,,1l
2024-01-05,2024,1,5,January,5 January,1,Vodka,0.2,l,40,,₽,,0.2l
2024-01-05,2024,1,5,January,5 January,2,Beer,1,l,5,,₽,,1l
2024-01-06,2024,1,6,January,6 January,1,,,,,,,,
2024-01-07,2024,1,7,January,7 January,1,,,,,,,,
2024-01-08,2024,1,8,January,8 January,1,,,,,,,,
2024-01-09,2024,1,9,January,9 January,1,,,,,,,,
2024-01-10,2024,1,10,January,10 January,1,,,,,,,,
2024-01-11,2024,1,11,January,11 January,1,,,,,,,,
2024-01-12,2024,1,12,January,12 January,1,,,,,,,,
2024-01-13,2024,1,13,January,13 January,1,Beer,1,l,5,,₽,140,1l
2024-01-14,2024,1,14,January,14 January,1,Beer,1,l,5,110,₽,,"1l
110 ₽"
2024-01-15,2024,1,15,January,15 January,1,Beer,0.4,l,,,₽,медовуха дома,0.4l
2024-01-16,2024,1,16,January,16 January,1,,,,,,,,
2024-01-17,2024,1,17,January,17 January,1,,,,,,,,
2024-01-18,2024,1,18,January,18 January,1,,,,,,,,
2024-01-19,2024,1,19,January,19 January,1,,,,,,,,
2024-01-20,2024,1,20,January,20 January,1,Beer,1,l,,160,₽,,"1l
160 ₽"
2024-01-21,2024,1,21,January,21 January,1,,,,,,,,
2024-01-22,2024,1,22,January,22 January,1,Beer,1,l,5,120,₽,,"1l
120 ₽"
2024-01-23,2024,1,23,January,23 January,1,,,,,,,,
2024-01-24,2024,1,24,January,24 January,1,Beer,0.5,l,5,,₽,,0.5l
2024-01-25,2024,1,25,January,25 January,1,,,,,,,,
2024-01-26,2024,1,26,January,26 January,1,,,,,,,,
2024-01-27,2024,1,27,January,27 January,1,Beer,3,l,5,600,₽,,"3l
600 ₽"
2024-01-27,2024,1,27,January,27 January,2,Vodka,0.3,l,40,,₽,,0.3l
2024-01-28,2024,1,28,January,28 January,1,Beer,1,l,5,250,₽,,"1l
250 ₽"
2024-01-28,2024,1,28,January,28 January,2,Cognac,50,ml,40,,₽,,50ml
2024-01-29,2024,1,29,January,29 January,1,Cognac,125,ml,40,200,₽,,"125ml
200 ₽"
2024-01-29,2024,1,29,January,29 January,2,Beer,1.5,l,5,500,₽,,"1.5l
500 ₽"
2024-01-29,2024,1,29,January,29 January,3,Beer,0.33,ml,4,150,₽,,"0.33ml
150 ₽"
2024-01-30,2024,1,30,January,30 January,1,Beer,2,l,5,,₽,,2l
2024-01-31,2024,1,31,January,31 January,1,Beer,1.5,l,5,,₽,,1.5l
2024-02-01,2024,2,1,February,1 February,1,Beer,1.5,l,5,,₽,,1.5l
2024-02-02,2024,2,2,February,2 February,1,Vodka,0.1,l,40,,₽,,0.1l
2024-02-02,2024,2,2,February,2 February,2,Beer,1.5,l,5,300,₽,,"1.5l
300 ₽"
2024-02-02,2024,2,2,February,2 February,3,Red wine,0.75,l,10,,₽,,0.75l
2024-02-03,2024,2,3,February,3 February,1,Beer,1.8,l,5,400,₽,,"1.8l
400 ₽"
2024-02-04,2024,2,4,February,4 February,1,Beer,0.8,l,5,150,₽,,"0.8l
150 ₽"
2024-02-05,2024,2,5,February,5 February,1,,,,,,,,
2024-02-06,2024,2,6,February,6 February,1,Beer,1,l,5,120,₽,,"1l
120 ₽"
2024-02-07,2024,2,7,February,7 February,1,,,,,,,,
2024-02-08,2024,2,8,February,8 February,1,,,,,,,,
2024-02-09,2024,2,9,February,9 February,1,Beer,1,l,5,150,₽,,"1l
150 ₽"
2024-02-10,2024,2,10,February,10 February,1,Red wine,0.8,l,12,500,₽,,"0.8l
500 ₽"
2024-02-11,2024,2,11,February,11 February,1,Beer,0.568,l,5,120,₽,,"0.57l
120 ₽"
2024-02-11,2024,2,11,February,11 February,2,Liquor,0.3,l,20,400,₽,,"0.3l
400 ₽"
2024-02-12,2024,2,12,February,12 February,1,Beer,0.3,l,5,80,₽,,"0.3l
80 ₽"
2024-02-13,2024,2,13,February,13 February,1,,,,,,,,
2024-02-14,2024,2,14,February,14 February,1,Beer,1.2,l,5,150,₽,,"1.2l
150 ₽"
2024-02-15,2024,2,15,February,15 February,1,,,,,,,,
2024-02-16,2024,2,16,February,16 February,1,Beer,1,l,5,200,₽,,"1l
200 ₽"
2024-02-17,2024,2,17,February,17 February,1,Beer,0.5,l,5,70,₽,,"0.5l
70 ₽"
2024-02-18,2024,2,18,February,18 February,1,Beer,3,l,5.5,1000,₽,,"3l
1000 ₽"
2024-02-19,2024,2,19,February,19 February,1,,,,,,,,
2024-02-20,2024,2,20,February,20 February,1,,,,,,,,
2024-02-21,2024,2,21,February,21 February,1,,,,,,,,
2024-02-22,2024,2,22,February,22 February,1,Beer,1.2,l,5,350,₽,,"1.2l
350 ₽"
2024-02-23,2024,2,23,February,23 February,1,,,,,,,,
2024-02-24,2024,2,24,February,24 February,1,,,,,,,,
2024-02-25,2024,2,25,February,25 February,1,,,,,,,,
2024-02-26,2024,2,26,February,26 February,1,,,,,,,,
2024-02-27,2024,2,27,February,27 February,1,,,,,,,,
2024-02-28,2024,2,28,February,28 February,1,Beer,0.4,l,5,80,₽,,"0.4l
80 ₽"
2024-02-29,2024,2,29,February,29 February,1,Beer,0.6,l,5,120,₽,,"0.6l
120 ₽"
2024-03-01,2024,3,1,March,1 March,1,Red wine,0.375,l,11,400,₽,,"0.38l
400 ₽"
2024-03-01,2024,3,1,March,1 March,2,Beer,0.3,l,5,60,₽,,"0.3l
60 ₽"
2024-03-02,2024,3,2,March,2 March,1,Beer,2,l,5,350,₽,,"2l
350 ₽"
2024-03-03,2024,3,3,March,3 March,1,,,,,,,,
2024-03-04,2024,3,4,March,4 March,1,,,,,,,,
2024-03-05,2024,3,5,March,5 March,1,,,,,,,,
2024-03-06,2024,3,6,March,6 March,1,,,,,,,,
2024-03-07,2024,3,7,March,7 March,1,White wine,0.15,l,11,,₽,,0.15l
2024-03-07,2024,3,7,March,7 March,2,Red wine,0.2,l,11,,₽,,0.2l
2024-03-07,2024,3,7,March,7 March,3,Whiskey,0.1,l,40,,₽,,0.1l
2024-03-07,2024,3,7,March,7 March,4,Cognac,0.2,l,40,,₽,,0.2l
2024-03-08,2024,3,8,March,8 March,1,,,,,,,,
2024-03-09,2024,3,9,March,9 March,1,Red wine,0.1,l,11,,₽,,0.1l
2024-03-09,2024,3,9,March,9 March,2,Cocktail,0.2,l,30,,₽,зелёная марка с лимоном,0.2l
2024-03-10,2024,3,10,March,10 March,1,,,,,,,,
2024-03-11,2024,3,11,March,11 March,1,,,,,,,,
2024-03-12,2024,3,12,March,12 March,1,,,,,,,,
2024-03-13,2024,3,13,March,13 March,1,,,,,,,,
2024-03-14,2024,3,14,March,14 March,1,Beer,0.4,l,5,70,₽,,"0.4l
70 ₽"
2024-03-15,2024,3,15,March,15 March,1,Beer,1.4,l,5,210,₽,,"1.4l
210 ₽"
2024-03-16,2024,3,16,March,16 March,1,Beer,1.5,l,5,300,₽,,"1.5l
300 ₽"
2024-03-17,2024,3,17,March,17 March,1,Beer,0.3,l,,,₽,,0.3l
2024-03-18,2024,3,18,March,18 March,1,,,,,,,,
2024-03-19,2024,3,19,March,19 March,1,,,,,,,,
2024-03-20,2024,3,20,March,20 March,1,,,,,,,,
2024-03-21,2024,3,21,March,21 March,1,,,,,,,,
2024-03-22,2024,3,22,March,22 March,1,,,,,,,,
2024-03-23,2024,3,23,March,23 March,1,Beer,0.5,l,5,100,₽,,"0.5l
100 ₽"
2024-03-24,2024,3,24,March,24 March,1,Beer,0.7,l,5,150,₽,,"0.7l
150 ₽"
2024-03-25,2024,3,25,March,25 March,1,Beer,1.6,l,5,1000,₽,,"1.6l
1000 ₽"
2024-03-26,2024,3,26,March,26 March,1,,,,,,,,
2024-03-27,2024,3,27,March,27 March,1,,,,,,,,
2024-03-28,2024,3,28,March,28 March,1,,,,,,,,
2024-03-29,2024,3,29,March,29 March,1,Beer,3,l,5,1600,₽,волчок,"3l
1600 ₽"
2024-03-30,2024,3,30,March,30 March,1,Vodka,0.4,l,40,,₽,,0.4l
2024-03-30,2024,3,30,March,30 March,2,Beer,2.5,l,5,500,₽,,"2.5l
500 ₽"
2024-03-31,2024,3,31,March,31 March,1,Beer,1.5,l,5,300,₽,,"1.5l
300 ₽"
2024-04-01,2024,4,1,April,1 April,1,,,,,,,,
2024-04-02,2024,4,2,April,2 April,1,Beer,1.25,l,5,300,₽,воробьевы горы,"1.25l
300 ₽"
2024-04-03,2024,4,3,April,3 April,1,,,,,,,,
2024-04-04,2024,4,4,April,4 April,1,,,,,,,,
2024-04-05,2024,4,5,April,5 April,1,,,,,,,,
2024-04-06,2024,4,6,April,6 April,1,,,,,,,,
2024-04-07,2024,4,7,April,7 April,1,Beer,0.5,l,5,,₽,,0.5l
2024-04-07,2024,4,7,April,7 April,2,Beer,2,l,5,250,₽,,"2l
250 ₽"
2024-04-08,2024,4,8,April,8 April,1,,,,,,,,
2024-04-09,2024,4,9,April,9 April,1,,,,,,,,
2024-04-10,2024,4,10,April,10 April,1,,,,,,,,
2024-04-11,2024,4,11,April,11 April,1,Beer,2,l,5,700,₽,,"2l
700 ₽"
2024-04-12,2024,4,12,April,12 April,1,,,,,,,,
2024-04-13,2024,4,13,April,13 April,1,,,,,,,,
2024-04-14,2024,4,14,April,14 April,1,Red wine,0.75,l,11,450,₽,,"0.75l
450 ₽"
2024-04-15,2024,4,15,April,15 April,1,,,,,,,,
2024-04-16,2024,4,16,April,16 April,1,,,,,,,,
2024-04-17,2024,4,17,April,17 April,1,,,,,,,,
2024-04-18,2024,4,18,April,18 April,1,,,,,,,,
2024-04-19,2024,4,19,April,19 April,1,,,,,,,,
2024-04-20,2024,4,20,April,20 April,1,,,,,,,,
2024-04-21,2024,4,21,April,21 April,1,Beer,0.45,l,5,80,₽,,"0.45l
80 ₽"
2024-04-22,2024,4,22,April,22 April,1,,,,,,,,
2024-04-23,2024,4,23,April,23 April,1,,,,,,,,
2024-04-24,2024,4,24,April,24 April,1,,,,,,,,
2024-04-25,2024,4,25,April,25 April,1,Beer,1.2,l,5,170,₽,,"1.2l
170 ₽"
2024-04-26,2024,4,26,April,26 April,1,,,,,,,,
2024-04-27,2024,4,27,April,27 April,1,Beer,0.9,l,,160,₽,кино,"0.9l
160 ₽"
2024-04-28,2024,4,28,April,28 April,1,,,,,,,,
2024-04-29,2024,4,29,April,29 April,1,,,,,,,,
2024-04-30,2024,4,30,April,30 April,1,,,,,,,,
2024-05-01,2024,5,1,May,1 May,1,Champagne,0.2,l,11,,₽,,0.2l
2024-05-01,2024,5,1,May,1 May,2,Beer,0.5,l,5,60,₽,,"0.5l
60 ₽"
2024-05-02,2024,5,2,May,2 May,1,,,,,,,,
2024-05-03,2024,5,3,May,3 May,1,Beer,0.9,l,5,,₽,,0.9l
2024-05-04,2024,5,4,May,4 May,1,Beer,1.8,l,5.5,,₽,гуляли изучали свао крыс и кошек с ириной,1.8l
2024-05-05,2024,5,5,May,5 May,1,,,,,,,,
2024-05-06,2024,5,6,May,6 May,1,,,,,,,,
2024-05-07,2024,5,7,May,7 May,1,,,,,,,,
2024-05-08,2024,5,8,May,8 May,1,,,,,,,,
2024-05-09,2024,5,9,May,9 May,1,Beer,1,l,5,200,₽,,"1l
200 ₽"
2024-05-10,2024,5,10,May,10 May,1,,,,,,,,
2024-05-11,2024,5,11,May,11 May,1,,,,,,,,
2024-05-12,2024,5,12,May,12 May,1,Beer,1,l,5,160,₽,,"1l
160 ₽"
2024-05-13,2024,5,13,May,13 May,1,,,,,,,,
2024-05-14,2024,5,14,May,14 May,1,,,,,,,,
2024-05-15,2024,5,15,May,15 May,1,,,,,,,,
2024-05-16,2024,5,16,May,16 May,1,Beer,2.1,l,5,350,₽,,"2.1l
350 ₽"
2024-05-17,2024,5,17,May,17 May,1,Beer,2,l,5,1500,₽,два бара и пара бутылок так,"2l
1500 ₽"
2024-05-18,2024,5,18,May,18 May,1,,,,,,,,
2024-05-19,2024,5,19,May,19 May,1,Beer,0.5,l,5,80,₽,,"0.5l
80 ₽"
2024-05-20,2024,5,20,May,20 May,1,,,,,,,,
2024-05-21,2024,5,21,May,21 May,1,,,,,,,,
2024-05-22,2024,5,22,May,22 May,1,Vodka,0.15,l,40,200,₽,,"0.15l
200 ₽"
2024-05-23,2024,5,23,May,23 May,1,,,,,,,,
2024-05-24,2024,5,24,May,24 May,1,Beer,1.3,l,5,250,₽,,"1.3l
250 ₽"
2024-05-25,2024,5,25,May,25 May,1,,,,,,,,
2024-05-26,2024,5,26,May,26 May,1,,,,,,,,
2024-05-27,2024,5,27,May,27 May,1,,,,,,,,
2024-05-28,2024,5,28,May,28 May,1,,,,,,,,
2024-05-29,2024,5,29,May,29 May,1,,,,,,,,
2024-05-30,2024,5,30,May,30 May,1,Beer,1.3,l,5,250,₽,,"1.3l
250 ₽"
2024-05-31,2024,5,31,May,31 May,1,Beer,3,l,6,2000,₽,бар с Нютой и Серёгой,"3l
2000 ₽"
2024-06-01,2024,6,1,June,1 June,1,,,,,,,,
2024-06-02,2024,6,2,June,2 June,1,,,,,,,,
2024-06-03,2024,6,3,June,3 June,1,,,,,,,,
2024-06-04,2024,6,4,June,4 June,1,,,,,,,,
2024-06-05,2024,6,5,June,5 June,1,,,,,,,,
2024-06-06,2024,6,6,June,6 June,1,,,,,,,,
2024-06-07,2024,6,7,June,7 June,1,,,,,,,,
2024-06-08,2024,6,8,June,8 June,1,,,,,,,,
2024-06-09,2024,6,9,June,9 June,1,,,,,,,,
2024-06-10,2024,6,10,June,10 June,1,,,,,,,,
2024-06-11,2024,6,11,June,11 June,1,Beer,3,l,5,3000,₽,нажрался за диплом,"3l
3000 ₽"
2024-06-12,2024,6,12,June,12 June,1,,,,,,,,
2024-06-13,2024,6,13,June,13 June,1,,,,,,,,
2024-06-14,2024,6,14,June,14 June,1,Beer,3,l,5,500,₽,,"3l
500 ₽"
2024-06-15,2024,6,15,June,15 June,1,,,,,,,,
2024-06-16,2024,6,16,June,16 June,1,,,,,,,,
2024-06-17,2024,6,17,June,17 June,1,Red wine,0.3,l,11,300,₽,мясо по французски,"0.3l
300 ₽"
2024-06-18,2024,6,18,June,18 June,1,,,,,,,,
2024-06-19,2024,6,19,June,19 June,1,Red wine,0.25,l,11,,₽,допил,0.25l
2024-06-20,2024,6,20,June,20 June,1,Beer,1.4,l,5,,₽,испания италия,1.4l
2024-06-21,2024,6,21,June,21 June,1,Red wine,0.2,l,11,,₽,,0.2l
2024-06-21,2024,6,21,June,21 June,2,Beer,2.3,l,5,400,₽,,"2.3l
400 ₽"
2024-06-22,2024,6,22,June,22 June,1,Beer,2.5,l,5,500,₽,балаха,"2.5l
500 ₽"
2024-06-22,2024,6,22,June,22 June,2,Rum,0.1,l,40,,₽,,0.1l
2024-06-23,2024,6,23,June,23 June,1,Beer,2.5,l,5,500,₽,,"2.5l
500 ₽"
2024-06-24,2024,6,24,June,24 June,1,,,,,,,,
2024-06-25,2024,6,25,June,25 June,1,,,,,,,,
2024-06-26,2024,6,26,June,26 June,1,Beer,0.8,l,6,150,₽,,"0.8l
150 ₽"
2024-06-27,2024,6,27,June,27 June,1,,,,,,,,
2024-06-28,2024,6,28,June,28 June,1,Vodka,0.3,l,40,,₽,черносморолиновка,0.3l
2024-06-28,2024,6,28,June,28 June,2,Beer,3,l,5,500,₽,тазы,"3l
500 ₽"
2024-06-29,2024,6,29,June,29 June,1,Beer,1.8,l,5,400,₽,жулеьино,"1.8l
400 ₽"
2024-06-30,2024,6,30,June,30 June,1,,,,,,,,
2024-07-01,2024,7,1,July,1 July,1,Beer,0.9,l,5,170,₽,,"0.9l
170 ₽"
2024-07-02,2024,7,2,July,2 July,1,,,,,,,,
2024-07-03,2024,7,3,July,3 July,1,Gin,0.1,l,40,,₽,,0.1l
2024-07-03,2024,7,3,July,3 July,2,White wine,0.8,l,11,,₽,молоко любимой женщины ДР Димы,0.8l
2024-07-04,2024,7,4,July,4 July,1,,,,,,,,
2024-07-05,2024,7,5,July,5 July,1,,,,,,,,
2024-07-06,2024,7,6,July,6 July,1,,,,,,,,
2024-07-07,2024,7,7,July,7 July,1,,,,,,,,
2024-07-08,2024,7,8,July,8 July,1,,,,,,,,
2024-07-09,2024,7,9,July,9 July,1,Beer,0.4,l,6.5,70,₽,,"0.4l
70 ₽"
2024-07-10,2024,7,10,July,10 July,1,,,,,,,,
2024-07-11,2024,7,11,July,11 July,1,,,,,,,,
2024-07-12,2024,7,12,July,12 July,1,Beer,1.75,l,5,500,₽,,"1.75l
500 ₽"
2024-07-13,2024,7,13,July,13 July,1,,,,,,,,
2024-07-14,2024,7,14,July,14 July,1,,,,,,,,
2024-07-15,2024,7,15,July,15 July,1,,,,,,,,
2024-07-16,2024,7,16,July,16 July,1,Beer,0.9,l,5,200,₽,,"0.9l
200 ₽"
2024-07-17,2024,7,17,July,17 July,1,Beer,0.2,l,5,85,₽,,"0.2l
85 ₽"
2024-07-18,2024,7,18,July,18 July,1,Beer,1.11,l,5,260,₽,,"1.11l
260 ₽"
2024-07-19,2024,7,19,July,19 July,1,Vodka,0.15,l,40,,₽,,0.15l
2024-07-19,2024,7,19,July,19 July,2,Beer,2.5,l,5,400,₽,,"2.5l
400 ₽"
2024-07-19,2024,7,19,July,19 July,3,Beer,0.35,l,5,,₽,,0.35l
2024-07-20,2024,7,20,July,20 July,1,Vodka,0.2,l,40,,₽,,0.2l
2024-07-20,2024,7,20,July,20 July,2,Beer,3,l,5,500,₽,,"3l
500 ₽"
2024-07-21,2024,7,21,July,21 July,1,,,,,,,,
2024-07-22,2024,7,22,July,22 July,1,Beer,1.5,l,5,600,₽,кра пи va,"1.5l
600 ₽"
2024-07-23,2024,7,23,July,23 July,1,,,,,,,,
2024-07-24,2024,7,24,July,24 July,1,,,,,,,,
2024-07-25,2024,7,25,July,25 July,1,,,,,,,,
2024-07-26,2024,7,26,July,26 July,1,Beer,1.6,l,5,600,₽,пятница..,"1.6l
600 ₽"
2024-07-27,2024,7,27,July,27 July,1,Beer,0.4,l,5,,₽,волчок из ленты томатный в кармане,0.4l
2024-07-28,2024,7,28,July,28 July,1,Beer,0.8,l,5,200,₽,поймай меня если сможешь,"0.8l
200 ₽"
2024-07-29,2024,7,29,July,29 July,1,,,,,,,,
2024-07-30,2024,7,30,July,30 July,1,,,,,,,,
2024-07-31,2024,7,31,July,31 July,1,,,,,,,,
2024-08-01,2024,8,1,August,1 August,1,,,,,,,,
2024-08-02,2024,8,2,August,2 August,1,Beer,1.5,l,5,300,₽,,"1.5l
300 ₽"
2024-08-03,2024,8,3,August,3 August,1,Vodka,0.15,l,40,,₽,,0.15l
2024-08-03,2024,8,3,August,3 August,2,Beer,2.5,l,5,500,₽,,"2.5l
500 ₽"
2024-08-04,2024,8,4,August,4 August,1,White wine,0.4,l,12,,₽,,0.4l
2024-08-05,2024,8,5,August,5 August,1,,,,,,,,
2024-08-06,2024,8,6,August,6 August,1,,,,,,,,
2024-08-07,2024,8,7,August,7 August,1,,,,,,,,
2024-08-08,2024,8,8,August,8 August,1,Beer,0.88,l,5,150,₽,,"0.88l
150 ₽"
2024-08-09,2024,8,9,August,9 August,1,,,,,,,,
2024-08-10,2024,8,10,August,10 August,1,,,,,,,,
2024-08-11,2024,8,11,August,11 August,1,,,,,,,,
2024-08-12,2024,8,12,August,12 August,1,Beer,2,l,5,800,₽,крапива,"2l
800 ₽"
2024-08-13,2024,8,13,August,13 August,1,Beer,0.5,l,5,100,₽,в аэропорту Казани,"0.5l
100 ₽"
2024-08-14,2024,8,14,August,14 August,1,Beer,1,l,5,,₽,,1l
2024-08-15,2024,8,15,August,15 August,1,,,,,,,,
2024-08-16,2024,8,16,August,16 August,1,Beer,1,l,5,,₽,,1l
2024-08-17,2024,8,17,August,17 August,1,Beer,1,l,5,,₽,,1l
2024-08-18,2024,8,18,August,18 August,1,,,,,,,,
2024-08-19,2024,8,19,August,19 August,1,,,,,,,,
2024-08-20,2024,8,20,August,20 August,1,Beer,1,l,5,,₽,,1l
2024-08-21,2024,8,21,August,21 August,1,Beer,1,l,5,,₽,,1l
2024-08-22,2024,8,22,August,22 August,1,,,,,,,,
2024-08-23,2024,8,23,August,23 August,1,Beer,1.2,l,5,,₽,,1.2l
2024-08-24,2024,8,24,August,24 August,1,,,,,,,,
2024-08-25,2024,8,25,August,25 August,1,Beer,4,l,5,,₽,,4l
2024-08-26,2024,8,26,August,26 August,1,,,,,,,,
2024-08-27,2024,8,27,August,27 August,1,,,,,,,,
2024-08-28,2024,8,28,August,28 August,1,Beer,1,l,5,,₽,,1l
2024-08-29,2024,8,29,August,29 August,1,,,,,,,,
2024-08-30,2024,8,30,August,30 August,1,,,,,,,,
2024-08-31,2024,8,31,August,31 August,1,Vodka,0.15,l,40,,₽,,0.15l
2024-08-31,2024,8,31,August,31 August,2,Beer,1,l,5,,₽,,1l
2024-08-31,2024,8,31,August,31 August,3,Champagne,1,l,10,,₽,свадьба,1l
2024-09-01,2024,9,1,September,1 September,1,,,,,,,,
2024-09-02,2024,9,2,September,2 September,1,Beer,0.5,l,4,80,₽,,"0.5l
80 ₽"
2024-09-03,2024,9,3,September,3 September,1,Beer,1,l,5,180,₽,на пляже ночью с Русом,"1l
180 ₽"
2024-09-04,2024,9,4,September,4 September,1,,,,,,,,
2024-09-05,2024,9,5,September,5 September,1,Beer,2,l,5,300,₽,,"2l
300 ₽"
2024-09-06,2024,9,6,September,6 September,1,Beer,0.5,l,5,80,₽,,"0.5l
80 ₽"
2024-09-06,2024,9,6,September,6 September,2,Red wine,0.75,l,12,350,₽,ночной берег адлера,"0.75l
350 ₽"
2024-09-07,2024,9,7,September,7 September,1,,,,,,,,
2024-09-08,2024,9,8,September,8 September,1,,,,,,,,
2024-09-09,2024,9,9,September,9 September,1,,,,,,,,
2024-09-10,2024,9,10,September,10 September,1,Beer,1,l,5,,₽,,1l
2024-09-11,2024,9,11,September,11 September,1,Beer,1,l,5,,₽,,1l
2024-09-12,2024,9,12,September,12 September,1,,,,,,,,
2024-09-13,2024,9,13,September,13 September,1,Beer,0.7,l,5,230,₽,сладкое вонючее пиво с сахаром (пломбир и блонд эль),"0.7l
230 ₽"
2024-09-14,2024,9,14,September,14 September,1,Beer,0.45,l,,,₽,мел,0.45l
2024-09-15,2024,9,15,September,15 September,1,,,,,,,,
2024-09-16,2024,9,16,September,16 September,1,,,,,,,,
2024-09-17,2024,9,17,September,17 September,1,Vodka,60,ml,40,,₽,лечимс яна обеде от простуды,60ml
2024-09-18,2024,9,18,September,18 September,1,Beer,0.5,l,5,75,₽,под ромтмасиер,"0.5l
75 ₽"
2024-09-19,2024,9,19,September,19 September,1,,,,,,,,
2024-09-20,2024,9,20,September,20 September,1,Red wine,0.6,l,11,250,₽,пакетированный,"0.6l
250 ₽"
2024-09-20,2024,9,20,September,20 September,2,Beer,0.5,l,5,120,₽,томатка,"0.5l
120 ₽"
2024-09-21,2024,9,21,September,21 September,1,Beer,1,l,5,150,₽,,"1l
150 ₽"
2024-09-21,2024,9,21,September,21 September,2,Vodka,0.2,l,40,,₽,,0.2l
2024-09-21,2024,9,21,September,21 September,3,Red wine,0.7,l,12,,₽,крзья ферма,0.7l
2024-09-22,2024,9,22,September,22 September,1,Beer,0.5,l,5,90,₽,под кефас,"0.5l
90 ₽"
2024-09-23,2024,9,23,September,23 September,1,,,,,,,,
2024-09-24,2024,9,24,September,24 September,1,Red wine,0.4,l,11,,₽,,0.4l
2024-09-25,2024,9,25,September,25 September,1,,,,,,,,
2024-09-26,2024,9,26,September,26 September,1,Beer,0.7,l,5,150,₽,,"0.7l
150 ₽"
2024-09-27,2024,9,27,September,27 September,1,Liquor,0.05,l,35,200,₽,ягер мастер,"0.05l
200 ₽"
2024-09-27,2024,9,27,September,27 September,2,Beer,1,l,5,750,₽,"спектакль-стриптиз, бар","1l
750 ₽"
2024-09-28,2024,9,28,September,28 September,1,,,,,,,,
2024-09-29,2024,9,29,September,29 September,1,,,,,,,,
2024-09-30,2024,9,30,September,30 September,1,,,,,,,,
2024-10-01,2024,10,1,October,1 October,1,,,,,,,,
2024-10-02,2024,10,2,October,2 October,1,Beer,0.4,l,5,,₽,банановое от Иры❤,0.4l
2024-10-03,2024,10,3,October,3 October,1,,,,,,,,
2024-10-04,2024,10,4,October,4 October,1,,,,,,,,
2024-10-05,2024,10,5,October,5 October,1,Vodka,0.2,l,40,,₽,после поминок,0.2l
2024-10-06,2024,10,6,October,6 October,1,,,,,,,,
2024-10-07,2024,10,7,October,7 October,1,Vodka,0.05,l,40,,₽,,0.05l
2024-10-07,2024,10,7,October,7 October,2,White wine,0.45,l,11,,₽,,0.45l
2024-10-08,2024,10,8,October,8 October,1,Vodka,0.2,l,,,₽,,0.2l
2024-10-09,2024,10,9,October,9 October,1,Vodka,150,ml,40,,₽,,150ml
2024-10-10,2024,10,10,October,10 October,1,,,,,,,,
2024-10-11,2024,10,11,October,11 October,1,Vodka,0.1,l,40,,₽,,0.1l
2024-10-11,2024,10,11,October,11 October,2,Beer,0.5,l,5,120,₽,,"0.5l
120 ₽"
2024-10-11,2024,10,11,October,11 October,3,Red wine,0.4,l,12,300,₽,,"0.4l
300 ₽"
2024-10-12,2024,10,12,October,12 October,1,Beer,1.3,l,10,1200,₽,ерши в зинзивере и в врьле пиво,"1.3l
1200 ₽"
2024-10-13,2024,10,13,October,13 October,1,,,,,,,,
2024-10-14,2024,10,14,October,14 October,1,,,,,,,,
2024-10-15,2024,10,15,October,15 October,1,Vodka,100,ml,40,,₽,с квасом дома,100ml
2024-10-16,2024,10,16,October,16 October,1,,,,,,,,
2024-10-17,2024,10,17,October,17 October,1,,,,,,,,
2024-10-18,2024,10,18,October,18 October,1,Beer,500,ml,5,300,₽,золотая вобла,"500ml
300 ₽"
2024-10-18,2024,10,18,October,18 October,2,Vodka,50,ml,40,,₽,после ДТ,50ml
2024-10-18,2024,10,18,October,18 October,3,Cognac,100,ml,40,,₽,,100ml
2024-10-19,2024,10,19,October,19 October,1,White wine,0.5,l,12,370,₽,,"0.5l
370 ₽"
2024-10-20,2024,10,20,October,20 October,1,,,,,,,,
2024-10-21,2024,10,21,October,21 October,1,,,,,,,,
2024-10-22,2024,10,22,October,22 October,1,Beer,0.5,l,5,100,₽,,"0.5l
100 ₽"
2024-10-23,2024,10,23,October,23 October,1,Vodka,0.1,l,40,,$,,0.1l
2024-10-24,2024,10,24,October,24 October,1,,,,,,,,
2024-10-25,2024,10,25,October,25 October,1,White wine,0.5,l,10,300,₽,,"0.5l
300 ₽"
2024-10-26,2024,10,26,October,26 October,1,Beer,1,l,5,150,₽,,"1l
150 ₽"
2024-10-27,2024,10,27,October,27 October,1,,,,,,,,
2024-10-28,2024,10,28,October,28 October,1,,,,,,,,
2024-10-29,2024,10,29,October,29 October,1,Beer,1.4,l,5,300,₽,,"1.4l
300 ₽"
2024-10-30,2024,10,30,October,30 October,1,,,,,,,,
2024-10-31,2024,10,31,October,31 October,1,,,,,,,,
2024-11-01,2024,11,1,November,1 November,1,Vodka,0.06,l,40,,$,,0.06l
2024-11-02,2024,11,2,November,2 November,1,Beer,1,l,5,200,₽,,"1l
200 ₽"
2024-11-02,2024,11,2,November,2 November,2,Vodka,0.1,l,40,,$,,0.1l
2024-11-02,2024,11,2,November,2 November,3,Cocktail,0.25,l,16,250,₽,,"0.25l
250 ₽"
2024-11-03,2024,11,3,November,3 November,1,,,,,,,,
2024-11-04,2024,11,4,November,4 November,1,,,,,,,,
2024-11-05,2024,11,5,November,5 November,1,,,,,,,,
2024-11-06,2024,11,6,November,6 November,1,,,,,,,,
2024-11-07,2024,11,7,November,7 November,1,,,,,,,,
2024-11-08,2024,11,8,November,8 November,1,,,,,,,,
2024-11-09,2024,11,9,November,9 November,1,Vodka,0.15,l,40,,₽,40-ой день,0.15l
2024-11-09,2024,11,9,November,9 November,2,Red wine,0.35,l,11,,₽,,0.35l
2024-11-10,2024,11,10,November,10 November,1,,,,,,,,
2024-11-11,2024,11,11,November,11 November,1,Beer,1,l,5,200,₽,,"1l
200 ₽"
2024-11-12,2024,11,12,November,12 November,1,,,,,,,,
2024-11-13,2024,11,13,November,13 November,1,,,,,,,,
2024-11-14,2024,11,14,November,14 November,1,,,,,,,,
2024-11-15,2024,11,15,November,15 November,1,White wine,0.35,l,11,,₽,,0.35l
2024-11-16,2024,11,16,November,16 November,1,,,,,,,,
2024-11-17,2024,11,17,November,17 November,1,Beer,2,l,5,,₽,,2l
2024-11-17,2024,11,17,November,17 November,2,Rum,0.1,l,40,,₽,Серегина фляга,0.1l
2024-11-18,2024,11,18,November,18 November,1,Beer,1.3,l,5,,₽,мой др с папой и Мишей,1.3l
2024-11-18,2024,11,18,November,18 November,2,Vodka,0.1,l,40,,₽,,0.1l
2024-11-19,2024,11,19,November,19 November,1,Cognac,0.08,l,48,,₽,,0.08l
2024-11-20,2024,11,20,November,20 November,1,Beer,1.5,l,5,400,₽,нулевое пиво с перцовкой,"1.5l
400 ₽"
2024-11-21,2024,11,21,November,21 November,1,,,,,,,,
2024-11-22,2024,11,22,November,22 November,1,Beer,1.1,l,5,250,₽,,"1.1l
250 ₽"
2024-11-23,2024,11,23,November,23 November,1,,,,,,,,
2024-11-24,2024,11,24,November,24 November,1,,,,,,,,
2024-11-25,2024,11,25,November,25 November,1,,,,,,,,
2024-11-26,2024,11,26,November,26 November,1,,,,,,,,
2024-11-27,2024,11,27,November,27 November,1,,,,,,,,
2024-11-28,2024,11,28,November,28 November,1,,,,,,,,
2024-11-29,2024,11,29,November,29 November,1,Vodka,0.15,l,40,,₽,,0.15l
2024-11-30,2024,11,30,November,30 November,1,,,,,,,,
2024-12-01,2024,12,1,December,1 December,1,,,,,,,,
2024-12-02,2024,12,2,December,2 December,1,Beer,0.5,l,5,80,₽,,"0.5l
80 ₽"
2024-12-03,2024,12,3,December,3 December,1,,,,,,,,
2024-12-04,2024,12,4,December,4 December,1,Beer,1,l,5,140,₽,,"1l
140 ₽"
2024-12-05,2024,12,5,December,5 December,1,,,,,,,,
2024-12-06,2024,12,6,December,6 December,1,Beer,1.35,l,5,250,₽,,"1.35l
250 ₽"
2024-12-07,2024,12,7,December,7 December,1,Vodka,0.2,l,40,,₽,перцовка,0.2l
2024-12-08,2024,12,8,December,8 December,1,,,,,,,,
2024-12-09,2024,12,9,December,9 December,1,,,,,,,,
2024-12-10,2024,12,10,December,10 December,1,,,,,,,,
2024-12-11,2024,12,11,December,11 December,1,Beer,0.5,l,5,,₽,,0.5l
2024-12-12,2024,12,12,December,12 December,1,,,,,,,,
2024-12-13,2024,12,13,December,13 December,1,,,,,,,,
2024-12-14,2024,12,14,December,14 December,1,Beer,1.1,l,5,300,₽,,"1.1l
300 ₽"
2024-12-15,2024,12,15,December,15 December,1,Beer,0.5,l,5,,₽,,0.5l
2024-12-16,2024,12,16,December,16 December,1,,,,,,,,
2024-12-17,2024,12,17,December,17 December,1,,,,,,,,
2024-12-18,2024,12,18,December,18 December,1,,,,,,,,
2024-12-19,2024,12,19,December,19 December,1,Beer,1.7,l,5,1000,₽,,"1.7l
1000 ₽"
2024-12-20,2024,12,20,December,20 December,1,Red wine,0.5,l,1,300,₽,,"0.5l
300 ₽"
2024-12-21,2024,12,21,December,21 December,1,Cognac,0.15,l,,,₽,,0.15l
2024-12-21,2024,12,21,December,21 December,2,Beer,2,l,5,3000,₽,закупилля фелоса,"2l
3000 ₽"
2024-12-22,2024,12,22,December,22 December,1,Beer,2,l,5,2000,₽,бар тайный санька,"2l
2000 ₽"
2024-12-23,2024,12,23,December,23 December,1,,,,,,,,
2024-12-24,2024,12,24,December,24 December,1,,,,,,,,
2024-12-25,2024,12,25,December,25 December,1,,,,,,,,
2024-12-26,2024,12,26,December,26 December,1,Red wine,0.7,l,11,450,₽,афтер кварт,"0.7l
450 ₽"
2024-12-26,2024,12,26,December,26 December,2,Beer,0.6,l,6,700,₽,,"0.6l
700 ₽"
2024-12-26,2024,12,26,December,26 December,3,Whiskey,0.15,l,48,300,₽,,"0.15l
300 ₽"
2024-12-27,2024,12,27,December,27 December,1,Beer,1,l,5,150,₽,,"1l
150 ₽"
2024-12-28,2024,12,28,December,28 December,1,Beer,1,l,8,2000,₽,ерши всякие,"1l
2000 ₽"
2024-12-28,2024,12,28,December,28 December,2,Cocktail,0.375,l,13,250,₽,соджу,"0.38l
250 ₽"
2024-12-28,2024,12,28,December,28 December,3,Cognac,0.05,l,40,,₽,,0.05l
2024-12-29,2024,12,29,December,29 December,1,,,,,,,,
2024-12-30,2024,12,30,December,30 December,1,,,,,,,,
2024-12-31,2024,12,31,December,31 December,1,Rum,0.3,l,40,850,₽,белый,"0.3l
850 ₽"
2024-12-31,2024,12,31,December,31 December,2,White wine,0.1,l,11,,₽,глотнул у руслана,0.1l
2024-12-31,2024,12,31,December,31 December,3,Liquor,0.05,l,30,,₽,лимонка нюты у Феди,0.05l
2025-01-01,2025,1,1,January,1 January,1,Liquor,0.1,l,35,,₽,старейшина honey,0.1l
2025-01-02,2025,1,2,January,2 January,1,Beer,1,l,5,160,₽,под креветки,"1l
160 ₽"
2025-01-02,2025,1,2,January,2 January,2,Beer,0.05,l,,,₽,лимонка нюты,0.05l
2025-01-03,2025,1,3,January,3 January,1,,,,,,,,
2025-01-04,2025,1,4,January,4 January,1,Beer,2.5,l,5,300,₽,,"2.5l
300 ₽"
2025-01-05,2025,1,5,January,5 January,1,Beer,1.5,l,5,200,₽,,"1.5l
200 ₽"
2025-01-05,2025,1,5,January,5 January,2,Rum,0.15,l,40,,₽,,0.15l
2025-01-06,2025,1,6,January,6 January,1,Beer,0.5,l,5,65,₽,,"0.5l
65 ₽"
2025-01-07,2025,1,7,January,7 January,1,,,,,,,,
2025-01-08,2025,1,8,January,8 January,1,,,,,,,,
2025-01-09,2025,1,9,January,9 January,1,,,,,,,,
2025-01-10,2025,1,10,January,10 January,1,Beer,1,l,2,200,₽,,"1l
200 ₽"
2025-01-11,2025,1,11,January,11 January,1,Beer,2,l,5,1500,₽,,"2l
1500 ₽"
2025-01-11,2025,1,11,January,11 January,2,Liquor,0.5,l,20,1500,₽,,"0.5l
1500 ₽"
2025-01-12,2025,1,12,January,12 January,1,,,,,,,,
2025-01-13,2025,1,13,January,13 January,1,,,,,,,,
2025-01-14,2025,1,14,January,14 January,1,,,,,,,,
2025-01-15,2025,1,15,January,15 January,1,,,,,,,,
2025-01-16,2025,1,16,January,16 January,1,Beer,0.5,l,5,150,₽,,"0.5l
150 ₽"
2025-01-17,2025,1,17,January,17 January,1,Beer,1.2,l,0.5,250,₽,,"1.2l
250 ₽"
2025-01-17,2025,1,17,January,17 January,2,Cognac,0.08,l,40,,₽,,0.08l
2025-01-18,2025,1,18,January,18 January,1,Beer,0.5,l,5,,₽,,0.5l
2025-01-19,2025,1,19,January,19 January,1,,,,,,,,
2025-01-20,2025,1,20,January,20 January,1,Beer,0.6,l,5,200,₽,,"0.6l
200 ₽"
2025-01-20,2025,1,20,January,20 January,2,White wine,0.375,l,11,500,₽,,"0.38l
500 ₽"
2025-01-21,2025,1,21,January,21 January,1,,,,,,,,
2025-01-22,2025,1,22,January,22 January,1,Liquor,0.25,l,34,700,₽,honey,"0.25l
700 ₽"
2025-01-22,2025,1,22,January,22 January,2,Vodka,0.1,l,40,,₽,с квасом,0.1l
2025-01-23,2025,1,23,January,23 January,1,,,,,,,,
2025-01-24,2025,1,24,January,24 January,1,Beer,0.5,l,5,80,₽,,"0.5l
80 ₽"
2025-01-24,2025,1,24,January,24 January,2,Cognac,0.1,l,40,,₽,подарок Пети,0.1l
2025-01-25,2025,1,25,January,25 January,1,White wine,0.2,l,11,500,₽,к бару,"0.2l
500 ₽"
2025-01-25,2025,1,25,January,25 January,2,Beer,1.5,l,5,900,₽,в КРАПИВЕ,"1.5l
900 ₽"
2025-01-26,2025,1,26,January,26 January,1,,,,,,,,
2025-01-27,2025,1,27,January,27 January,1,,,,,,,,
2025-01-28,2025,1,28,January,28 January,1,,,,,,,,
2025-01-29,2025,1,29,January,29 January,1,Beer,0.45,l,5,80,₽,хугарден,"0.45l
80 ₽"
2025-01-30,2025,1,30,January,30 January,1,Liquor,0.08,l,34,680,₽,хони,"0.08l
680 ₽"
2025-01-31,2025,1,31,January,31 January,1,Liquor,0.15,l,40,,₽,,0.15l
2025-02-01,2025,2,1,February,1 February,1,Whiskey,0.2,l,,1200,₽,King Robert II,"0.2l
1200 ₽"
2025-02-02,2025,2,2,February,2 February,1,Beer,0.9,l,5,250,₽,,"0.9l
250 ₽"
2025-02-03,2025,2,3,February,3 February,1,Beer,1,l,6.5,250,₽,STELLA,"1l
250 ₽"
2025-02-04,2025,2,4,February,4 February,1,Beer,0.5,l,5,120,₽,,"0.5l
120 ₽"
2025-02-05,2025,2,5,February,5 February,1,Beer,2.5,l,5,400,₽,"в эквиваленте пива пятипроцентного. а так хуячили 15%, 8%, 5%, Арарат Хани два глотка","2.5l
400 ₽"
2025-02-06,2025,2,6,February,6 February,1,,,,,,,,
2025-02-07,2025,2,7,February,7 February,1,,,,,,,,
2025-02-08,2025,2,8,February,8 February,1,,,,,,,,
2025-02-09,2025,2,9,February,9 February,1,Beer,0.8,l,5,150,₽,,"0.8l
150 ₽"
2025-02-09,2025,2,9,February,9 February,2,Rum,0.08,l,35,,₽,,0.08l
2025-02-10,2025,2,10,February,10 February,1,Beer,0.45,l,5,110,₽,,"0.45l
110 ₽"
2025-02-11,2025,2,11,February,11 February,1,Vodka,0.25,l,40,,₽,,0.25l
2025-02-12,2025,2,12,February,12 February,1,Whiskey,0.1,l,40,,₽,,0.1l
2025-02-13,2025,2,13,February,13 February,1,Whiskey,0.25,l,40,,₽,,0.25l
2025-02-14,2025,2,14,February,14 February,1,,,,,,,,
2025-02-15,2025,2,15,February,15 February,1,,,,,,,,
2025-02-16,2025,2,16,February,16 February,1,,,,,,,,
2025-02-17,2025,2,17,February,17 February,1,,,,,,,,
2025-02-18,2025,2,18,February,18 February,1,,,,,,,,
2025-02-19,2025,2,19,February,19 February,1,Beer,0.4,l,13,500,₽,,"0.4l
500 ₽"
2025-02-20,2025,2,20,February,20 February,1,Vodka,0.1,l,40,,₽,,0.1l
2025-02-21,2025,2,21,February,21 February,1,,,,,,,,
2025-02-22,2025,2,22,February,22 February,1,Beer,1.3,l,5,300,₽,,"1.3l
300 ₽"
2025-02-23,2025,2,23,February,23 February,1,,,,,,,,
2025-02-24,2025,2,24,February,24 February,1,,,,,,,,
2025-02-25,2025,2,25,February,25 February,1,,,,,,,,
2025-02-26,2025,2,26,February,26 February,1,,,,,,,,
2025-02-27,2025,2,27,February,27 February,1,,,,,,,,
2025-02-28,2025,2,28,February,28 February,1,,,,,,,,
2025-03-01,2025,3,1,March,1 March,1,Liquor,0.375,l,18,200,₽,соджу,"0.38l
200 ₽"
2025-03-01,2025,3,1,March,1 March,2,Beer,1,l,,,₽,,1l
2025-03-02,2025,3,2,March,2 March,1,,,,,,,,
2025-03-03,2025,3,3,March,3 March,1,,,,,,,,
2025-03-04,2025,3,4,March,4 March,1,Beer,0.9,l,5,150,₽,под кефас,"0.9l
150 ₽"
2025-03-05,2025,3,5,March,5 March,1,,,,,,,,
2025-03-06,2025,3,6,March,6 March,1,,,,,,,,
2025-03-07,2025,3,7,March,7 March,1,Beer,1.5,l,5,1800,₽,ерши в лампопо,"1.5l
1800 ₽"
2025-03-07,2025,3,7,March,7 March,2,Liquor,0.17,l,20,,₽,перцовки и облепиха,0.17l
2025-03-08,2025,3,8,March,8 March,1,Beer,0.4,l,4,85,₽,волчок медое,"0.4l
85 ₽"
2025-03-09,2025,3,9,March,9 March,1,,,,,,,,
2025-03-10,2025,3,10,March,10 March,1,,,,,,,,
2025-03-11,2025,3,11,March,11 March,1,,,,,,,,
2025-03-12,2025,3,12,March,12 March,1,Beer,0.88,l,5,150,₽,,"0.88l
150 ₽"
2025-03-13,2025,3,13,March,13 March,1,,,,,,,,
2025-03-14,2025,3,14,March,14 March,1,Beer,0.9,l,5,200,₽,шпатен,"0.9l
200 ₽"
2025-03-14,2025,3,14,March,14 March,2,Liquor,0.06,l,20,,₽,лимонка,0.06l
2025-03-15,2025,3,15,March,15 March,1,,,,,,,,
2025-03-16,2025,3,16,March,16 March,1,Beer,0.9,l,5,160,₽,,"0.9l
160 ₽"
2025-03-17,2025,3,17,March,17 March,1,,,,,,,,
2025-03-18,2025,3,18,March,18 March,1,White wine,0.55,l,11,,₽,,0.55l
2025-03-19,2025,3,19,March,19 March,1,,,,,,,,
2025-03-20,2025,3,20,March,20 March,1,Beer,0.7,l,4.5,140,₽,две алькапульки,"0.7l
140 ₽"
2025-03-21,2025,3,21,March,21 March,1,Cognac,0.25,l,34,700,₽,хани,"0.25l
700 ₽"
2025-03-21,2025,3,21,March,21 March,2,Beer,1.2,l,5,200,₽,шашлычок,"1.2l
200 ₽"
2025-03-22,2025,3,22,March,22 March,1,Beer,1.5,l,5,1000,₽,волчок,"1.5l
1000 ₽"
2025-03-22,2025,3,22,March,22 March,2,Cognac,0.1,l,34,,₽,допил Хани в баре и до него,0.1l
2025-03-23,2025,3,23,March,23 March,1,White wine,0.75,l,11,500,₽,винца после расставания дома один бахнул,"0.75l
500 ₽"
2025-03-24,2025,3,24,March,24 March,1,,,,,,,,
2025-03-25,2025,3,25,March,25 March,1,,,,,,,,
2025-03-26,2025,3,26,March,26 March,1,Beer,0.85,l,5,140,₽,,"0.85l
140 ₽"
2025-03-27,2025,3,27,March,27 March,1,White wine,0.45,l,11,500,₽,,"0.45l
500 ₽"
2025-03-28,2025,3,28,March,28 March,1,White wine,0.3,l,11,,₽,,0.3l
2025-03-29,2025,3,29,March,29 March,1,Beer,1.2,l,5,500,₽,Ясногорск с Мишей,"1.2l
500 ₽"
2025-03-30,2025,3,30,March,30 March,1,,,,,,,,
2025-03-31,2025,3,31,March,31 March,1,,,,,,,,
2025-04-01,2025,4,1,April,1 April,1,Cider,0.8,l,6,,₽,,0.8l
2025-04-01,2025,4,1,April,1 April,2,White wine,0.7,l,11,500,₽,у Лизы посидели,"0.7l
500 ₽"
2025-04-02,2025,4,2,April,2 April,1,,,,,,,,
2025-04-03,2025,4,3,April,3 April,1,Beer,1,l,,160,₽,у Кирилла,"1l
160 ₽"
2025-04-04,2025,4,4,April,4 April,1,Tequila,0.1,l,40,,₽,др Кирилла,0.1l
2025-04-04,2025,4,4,April,4 April,2,Cognac,0.3,l,40,,₽,,0.3l
2025-04-05,2025,4,5,April,5 April,1,,,,,,,,
2025-04-06,2025,4,6,April,6 April,1,,,,,,,,
2025-04-07,2025,4,7,April,7 April,1,Beer,1.35,l,5,1000,₽,др Миши,"1.35l
1000 ₽"
2025-04-08,2025,4,8,April,8 April,1,,,,,,,,
2025-04-09,2025,4,9,April,9 April,1,,,,,,,,
2025-04-10,2025,4,10,April,10 April,1,Beer,2.5,l,6,2200,₽,варка бар,"2.5l
2200 ₽"
2025-04-11,2025,4,11,April,11 April,1,Beer,0.45,l,5,70,₽,"на веле катнул, манго-маракуйю глотнул😎","0.45l
70 ₽"
2025-04-12,2025,4,12,April,12 April,1,,,,,,,,
2025-04-13,2025,4,13,April,13 April,1,,,,,,,,
2025-04-14,2025,4,14,April,14 April,1,,,,,,,,
2025-04-15,2025,4,15,April,15 April,1,,,,,,,,
2025-04-16,2025,4,16,April,16 April,1,Beer,1.3,l,5,300,₽,на веле,"1.3l
300 ₽"
2025-04-16,2025,4,16,April,16 April,2,Liquor,0.15,l,30,,₽,лимонку добил нашу с Ирой от Нюты,0.15l
2025-04-17,2025,4,17,April,17 April,1,Beer,0.5,l,5,80,₽,Бланш с Саней,"0.5l
80 ₽"
2025-04-18,2025,4,18,April,18 April,1,Beer,0.35,l,,3400,₽,хони + оакхёрт,"0.35l
3400 ₽"
2025-04-19,2025,4,19,April,19 April,1,,,,,,,,
2025-04-20,2025,4,20,April,20 April,1,,,,,,,,
2025-04-21,2025,4,21,April,21 April,1,,,,,,,,
2025-04-22,2025,4,22,April,22 April,1,,,,,,,,
2025-04-23,2025,4,23,April,23 April,1,Beer,1.3,l,6,1700,₽,салденс,"1.3l
1700 ₽"
2025-04-24,2025,4,24,April,24 April,1,Beer,0.9,l,5,180,₽,под готовку салатикса взял себе..,"0.9l
180 ₽"
2025-04-25,2025,4,25,April,25 April,1,,,,,,,,
2025-04-26,2025,4,26,April,26 April,1,Beer,1.31,l,4.5,250,₽,,"1.31l
250 ₽"
2025-04-27,2025,4,27,April,27 April,1,,,,,,,,
2025-04-28,2025,4,28,April,28 April,1,,,,,,,,
2025-04-29,2025,4,29,April,29 April,1,,,,,,,,
2025-04-30,2025,4,30,April,30 April,1,White wine,0.2,l,18,500,₽,портвешок с Лизой,"0.2l
500 ₽"
2025-04-30,2025,4,30,April,30 April,2,Beer,1,l,5,200,₽,,"1l
200 ₽"
2025-04-30,2025,4,30,April,30 April,3,Red wine,0.35,l,12,300,₽,,"0.35l
300 ₽"
2025-05-01,2025,5,1,May,1 May,1,,,,,,,,
2025-05-02,2025,5,2,May,2 May,1,Beer,2.5,l,5,1500,₽,Нижний Н.,"2.5l
1500 ₽"
2025-05-03,2025,5,3,May,3 May,1,Beer,1,l,5,500,₽,,"1l
500 ₽"
2025-05-03,2025,5,3,May,3 May,2,Liquor,0.6,l,25,6000,₽,бары в НН,"0.6l
6000 ₽"
2025-05-04,2025,5,4,May,4 May,1,Beer,0.5,l,5,100,₽,,"0.5l
100 ₽"
2025-05-05,2025,5,5,May,5 May,1,Beer,1.5,l,5,300,₽,йошка,"1.5l
300 ₽"
2025-05-06,2025,5,6,May,6 May,1,Beer,0.5,l,5,,₽,,0.5l
2025-05-06,2025,5,6,May,6 May,2,Whiskey,0.2,l,40,,₽,,0.2l
2025-05-06,2025,5,6,May,6 May,3,Cognac,0.1,l,40,,₽,,0.1l
2025-05-07,2025,5,7,May,7 May,1,Beer,1.4,l,5,600,₽,шашлычкофф казань,"1.4l
600 ₽"
2025-05-07,2025,5,7,May,7 May,2,Liquor,0.05,l,4,,₽,Бугульма,0.05l
2025-05-07,2025,5,7,May,7 May,3,Cognac,0.05,l,40,,₽,,0.05l
2025-05-08,2025,5,8,May,8 May,1,Beer,0.8,l,5,,₽,у братика под мяско🙃,0.8l
2025-05-09,2025,5,9,May,9 May,1,,,,,,,,
2025-05-10,2025,5,10,May,10 May,1,,,,,,,,
2025-05-11,2025,5,11,May,11 May,1,,,,,,,,
2025-05-12,2025,5,12,May,12 May,1,,,,,,,,
2025-05-13,2025,5,13,May,13 May,1,Sambuca,Volume,l,,,₽,последняя глошечка,
2025-05-14,2025,5,14,May,14 May,1,,,,,,,,
2025-05-15,2025,5,15,May,15 May,1,,,,,,,,
2025-05-16,2025,5,16,May,16 May,1,Beer,1,l,4.5,200,₽,Беларусь + армения,"1l
200 ₽"
2025-05-17,2025,5,17,May,17 May,1,Sambuca,Volume,l,,,₽,подик брата,
2025-05-18,2025,5,18,May,18 May,1,Beer,2.8,l,5,1500,₽,шашлы с компанией Лизы,"2.8l
1500 ₽"
2025-05-18,2025,5,18,May,18 May,2,Sambuca,Volume,l,,,₽,2-3 сигаретки на шашлыках,
2025-05-19,2025,5,19,May,19 May,1,,,,,,,,
2025-05-20,2025,5,20,May,20 May,1,Beer,1.5,l,5,750,₽,,"1.5l
750 ₽"
2025-05-20,2025,5,20,May,20 May,2,Vodka,0.15,l,40,300,₽,,"0.15l
300 ₽"
2025-05-20,2025,5,20,May,20 May,3,Cocktail,0.1,l,20,,₽,настойки в ерше,0.1l
2025-05-20,2025,5,20,May,20 May,4,Sambuca,Volume,l,,,₽,стрельнутая сигаретка после ладьи,
2025-05-21,2025,5,21,May,21 May,1,,,,,,,,
2025-05-22,2025,5,22,May,22 May,1,,,,,,,,
2025-05-23,2025,5,23,May,23 May,1,White wine,0.75,l,11,500,₽,нечто,"0.75l
500 ₽"
2025-05-23,2025,5,23,May,23 May,2,Rum,0.2,l,35,400,₽,нечто,"0.2l
400 ₽"
2025-05-23,2025,5,23,May,23 May,3,Sambuca,Volume,l,,,₽,"4 сигаретки по три тяжки, то есть где то одна в эквиваленте",
2025-05-24,2025,5,24,May,24 May,1,,,,,,,,
2025-05-25,2025,5,25,May,25 May,1,,,,,,,,
2025-05-26,2025,5,26,May,26 May,1,,,,,,,,
2025-05-27,2025,5,27,May,27 May,1,,,,,,,,
2025-05-28,2025,5,28,May,28 May,1,,,,,,,,
2025-05-29,2025,5,29,May,29 May,1,,,,,,,,
2025-05-30,2025,5,30,May,30 May,1,White wine,0.75,l,11,600,₽,,"0.75l
600 ₽"
2025-05-31,2025,5,31,May,31 May,1,,,,,,,,
2025-06-01,2025,6,1,June,1 June,1,,,,,,,,
2025-06-02,2025,6,2,June,2 June,1,,,,,,,,
2025-06-03,2025,6,3,June,3 June,1,Beer,2,l,5,500,₽,,"2l
500 ₽"
2025-06-03,2025,6,3,June,3 June,2,Vodka,0.15,l,40,,₽,,0.15l
2025-06-03,2025,6,3,June,3 June,3,Rum,0.15,l,40,,₽,,0.15l
2025-06-03,2025,6,3,June,3 June,4,Sambuca,Volume,l,,,₽,,
2025-06-04,2025,6,4,June,4 June,1,,,,,,,,
2025-06-05,2025,6,5,June,5 June,1,,,,,,,,
2025-06-06,2025,6,6,June,6 June,1,,,,,,,,
2025-06-07,2025,6,7,June,7 June,1,,,,,,,,
2025-06-08,2025,6,8,June,8 June,1,,,,,,,,
2025-06-09,2025,6,9,June,9 June,1,,,,,,,,
2025-06-10,2025,6,10,June,10 June,1,Beer,2,l,,,₽,,2l
2025-06-10,2025,6,10,June,10 June,2,Vodka,0.1,l,40,,₽,угостился у профсоюза😁,0.1l
2025-06-10,2025,6,10,June,10 June,3,Cognac,0.05,l,40,,₽,угостился у иу6 магов фединых😇,0.05l
2025-06-10,2025,6,10,June,10 June,4,Sambuca,Volume,l,,,₽,2 сиги и some vape,
2025-06-11,2025,6,11,June,11 June,1,,,,,,,,
2025-06-12,2025,6,12,June,12 June,1,Beer,0.6,l,5,,₽,в электричке до Твери да на Селигере чуток глотнул пивка,0.6l
2025-06-13,2025,6,13,June,13 June,1,Beer,0.9,l,6.5,220,₽,проклятый аббе блонд. и кофейный эль. сплав,"0.9l
220 ₽"
2025-06-13,2025,6,13,June,13 June,2,Sambuca,Volume,l,,,₽,1 chapman-like chester for 2,
2025-06-14,2025,6,14,June,14 June,1,Beer,0.9,l,5,220,₽,два бланша под по хуевой,"0.9l
220 ₽"
2025-06-14,2025,6,14,June,14 June,2,Sambuca,Volume,l,,,₽,сижка на одного (Честер аля Чапман),
2025-06-14,2025,6,14,June,14 June,3,,,,,,,,
2025-06-15,2025,6,15,June,15 June,1,Beer,0.5,l,,,₽,шпатен и Бланш манго по половинке в честь ожидания маршрутки селигер-тверь,0.5l
2025-06-16,2025,6,16,June,16 June,1,,,,,,,,
2025-06-17,2025,6,17,June,17 June,1,Beer,1.5,l,5,660,₽,ладья стендап,"1.5l
660 ₽"
2025-06-17,2025,6,17,June,17 June,2,Vodka,0.05,l,4,150,₽,с апельсинчиком,"0.05l
150 ₽"
2025-06-17,2025,6,17,June,17 June,3,Sambuca,Volume,l,,,₽,чапманина двоих,
2025-06-18,2025,6,18,June,18 June,1,,,,,,,,
2025-06-19,2025,6,19,June,19 June,1,,,,,,,,
2025-06-20,2025,6,20,June,20 June,1,Beer,0.9,l,,250,₽,не удержался и всадил пару баночек😋,"0.9l
250 ₽"
2025-06-21,2025,6,21,June,21 June,1,,,,,,,,
2025-06-22,2025,6,22,June,22 June,1,,,,,,,,
2025-06-23,2025,6,23,June,23 June,1,,,,,,,,
2025-06-24,2025,6,24,June,24 June,1,,,,,,,,
2025-06-25,2025,6,25,June,25 June,1,Beer,0.45,l,5,200,₽,волчок томатка. В честь ковра на полу,"0.45l
200 ₽"
2025-06-26,2025,6,26,June,26 June,1,Beer,0.5,l,5,115,₽,не удержался,"0.5l
115 ₽"
2025-06-27,2025,6,27,June,27 June,1,Beer,2.7,l,5,550,₽,"паблосы хуеблосы, в т.ч. с лаймом","2.7l
550 ₽"
2025-06-27,2025,6,27,June,27 June,2,Tequila,0.08,l,40,,₽,Мишаня Аксёнов заделился налутанным,0.08l
2025-06-27,2025,6,27,June,27 June,3,Sambuca,Volume,l,,,₽,пару-тройку сижек и пяток глошечек и какие то вейпики,
2025-06-28,2025,6,28,June,28 June,1,Beer,0.9,l,5,,₽,жулебинские отходняки,0.9l
2025-06-28,2025,6,28,June,28 June,2,Sambuca,Volume,l,,,₽,глошечка х2,
2025-06-29,2025,6,29,June,29 June,1,,,,,,,,
2025-06-30,2025,6,30,June,30 June,1,,,,,,,,
2025-07-01,2025,7,1,July,1 July,1,,,,,,,,
2025-07-02,2025,7,2,July,2 July,1,,,,,,,,
2025-07-03,2025,7,3,July,3 July,1,Beer,1.5,l,5,1000,₽,,"1.5l
1000 ₽"
2025-07-03,2025,7,3,July,3 July,2,White wine,0.7,l,11,,₽,др Димы Багрянцева,0.7l
2025-07-03,2025,7,3,July,3 July,3,Whiskey,0.1,l,,,₽,,0.1l
2025-07-03,2025,7,3,July,3 July,4,Gin,0.05,l,40,,₽,,0.05l
2025-07-03,2025,7,3,July,3 July,5,Beer,Volume,l,,,₽,"чето там стреляли у Димы, потом у волчка",
2025-07-04,2025,7,4,July,4 July,1,,,,,,,,
2025-07-05,2025,7,5,July,5 July,1,Beer,4,l,5,800,₽,,"4l
800 ₽"
2025-07-05,2025,7,5,July,5 July,2,Whiskey,0.1,l,40,,₽,,0.1l
2025-07-05,2025,7,5,July,5 July,3,Sambuca,Volume,l,,,₽,кальянчик Саши на др у Нюты,
2025-07-06,2025,7,6,July,6 July,1,Beer,0.45,l,5,,₽,,0.45l
2025-07-07,2025,7,7,July,7 July,1,,,,,,,,
2025-07-08,2025,7,8,July,8 July,1,Beer,1.9,l,5,4000,₽,жостко разорился в барах. Катюха,"1.9l
4000 ₽"
2025-07-08,2025,7,8,July,8 July,2,Sambuca,Volume,l,,,₽,стреляные чапманочки 2-3шт,
2025-07-09,2025,7,9,July,9 July,1,White wine,0.5,l,12,,₽,корпорат,0.5l
2025-07-09,2025,7,9,July,9 July,2,Cognac,0.25,l,40,,₽,корпорат,0.25l
2025-07-09,2025,7,9,July,9 July,3,Sambuca,Volume,l,,,₽,кальянчик и мощная лабуда Влада Кущнецова,
2025-07-10,2025,7,10,July,10 July,1,,,,,,,,
2025-07-11,2025,7,11,July,11 July,1,,,,,,,,
2025-07-12,2025,7,12,July,12 July,1,Sambuca,Volume,l,,,₽,подик Миши,
2025-07-13,2025,7,13,July,13 July,1,,,,,,,,
2025-07-14,2025,7,14,July,14 July,1,,,,,,,,
2025-07-15,2025,7,15,July,15 July,1,,,,,,,,
2025-07-16,2025,7,16,July,16 July,1,Beer,2.5,l,5,2000,₽,крапива с мариной,"2.5l
2000 ₽"
2025-07-16,2025,7,16,July,16 July,2,Sambuca,Volume,l,,,₽,подик Марины,
2025-07-17,2025,7,17,July,17 July,1,Beer,0.9,l,5,500,₽,прилет в сочи,"0.9l
500 ₽"
2025-07-18,2025,7,18,July,18 July,1,Beer,0.9,l,5,300,₽,обэд на море,"0.9l
300 ₽"
2025-07-19,2025,7,19,July,19 July,1,Beer,3.5,l,5,1000,₽,8 пив с Ксюшей и Сашей,"3.5l
1000 ₽"
2025-07-20,2025,7,20,July,20 July,1,Beer,0.9,l,5,200,₽,,"0.9l
200 ₽"
2025-07-20,2025,7,20,July,20 July,2,Beer,2.2,l,5,1000,₽,много пив на красной поляне,"2.2l
1000 ₽"
2025-07-21,2025,7,21,July,21 July,1,Beer,0.5,l,4,100,₽,медок волчок,"0.5l
100 ₽"
2025-07-22,2025,7,22,July,22 July,1,Beer,0.5,l,5,350,₽,бильярд бланш,"0.5l
350 ₽"
2025-07-23,2025,7,23,July,23 July,1,Beer,1.35,l,5,300,₽,пляжик,"1.35l
300 ₽"
2025-07-24,2025,7,24,July,24 July,1,Beer,0.568,l,5,150,₽,олд Бобби под бэдкомедиан и роллы,"0.57l
150 ₽"
2025-07-25,2025,7,25,July,25 July,1,Beer,1.65,l,5,500,₽,,"1.65l
500 ₽"
2025-07-26,2025,7,26,July,26 July,1,Beer,1.8,l,5,500,₽,4 комнаты,"1.8l
500 ₽"
2025-07-27,2025,7,27,July,27 July,1,Beer,0.9,l,5,200,₽,старый мельник на пляже,"0.9l
200 ₽"
2025-07-28,2025,7,28,July,28 July,1,Beer,1.2,l,5,400,₽,камни и спортбар,"1.2l
400 ₽"
2025-07-29,2025,7,29,July,29 July,1,,,,,,,,
2025-07-30,2025,7,30,July,30 July,1,Beer,1.8,l,5,400,₽,лучший тако в городе,"1.8l
400 ₽"
2025-07-31,2025,7,31,July,31 July,1,,,,,,,,
2025-08-01,2025,8,1,August,1 August,1,,,,,,,,
2025-08-02,2025,8,2,August,2 August,1,Beer,3,l,5,1000,₽,"питерские педиатрки, варечка, большие гонки","3l
1000 ₽"
2025-08-02,2025,8,2,August,2 August,2,Whiskey,0.1,l,40,,₽,Лоусон питерок,0.1l
2025-08-03,2025,8,3,August,3 August,1,Beer,0.45,l,5,150,₽,шпатен,"0.45l
150 ₽"
2025-08-04,2025,8,4,August,4 August,1,Beer,0.45,l,5,120,₽,шпатен. пока пока пляжик🥲,"0.45l
120 ₽"
2025-08-05,2025,8,5,August,5 August,1,,,,,,,,
2025-08-06,2025,8,6,August,6 August,1,Beer,1.35,l,5.2,350,₽,с Лизой пивка,"1.35l
350 ₽"
2025-08-07,2025,8,7,August,7 August,1,,,,,,,,
2025-08-08,2025,8,8,August,8 August,1,,,,,,,,
2025-08-09,2025,8,9,August,9 August,1,,,,,,,,
2025-08-10,2025,8,10,August,10 August,1,,,,,,,,
2025-08-11,2025,8,11,August,11 August,1,,,,,,,,
2025-08-12,2025,8,12,August,12 August,1,Beer,1.6,l,5,350,₽,с Ирой пивка,"1.6l
350 ₽"
2025-08-12,2025,8,12,August,12 August,2,White wine,0.3,l,12,,₽,Фанагория с корпората допита в домашних условиях,0.3l
2025-08-13,2025,8,13,August,13 August,1,,,,,,,,
2025-08-14,2025,8,14,August,14 August,1,,,,,,,,
2025-08-15,2025,8,15,August,15 August,1,Beer,2.5,l,5,600,₽,кондукт,"2.5l
600 ₽"
2025-08-16,2025,8,16,August,16 August,1,Beer,2.5,l,5,600,₽,кондучки,"2.5l
600 ₽"
2025-08-17,2025,8,17,August,17 August,1,,,,,,,,
2025-08-18,2025,8,18,August,18 August,1,Beer,1.3,l,5,80,₽,"пивка под стирки, мытье решетки, посуды","1.3l
80 ₽"
2025-08-19,2025,8,19,August,19 August,1,,,,,,,,
2025-08-20,2025,8,20,August,20 August,1,,,,,,,,
2025-08-21,2025,8,21,August,21 August,1,,,,,,,,
2025-08-22,2025,8,22,August,22 August,1,Beer,1.5,l,5,350,₽,под мытье и накачку велика,"1.5l
350 ₽"
2025-08-23,2025,8,23,August,23 August,1,Beer,2.5,l,5,5000,₽,одноклассники...,"2.5l
5000 ₽"
2025-08-24,2025,8,24,August,24 August,1,Beer,1,l,5,2000,₽,"Арина Милка , Апрелевка, Переделкино","1l
2000 ₽"
2025-08-25,2025,8,25,August,25 August,1,,,,,,,,
2025-08-26,2025,8,26,August,26 August,1,,,,,,,,
2025-08-27,2025,8,27,August,27 August,1,,,,,,,,
2025-08-28,2025,8,28,August,28 August,1,,,,,,,,
2025-08-29,2025,8,29,August,29 August,1,Beer,2,l,5,2000,₽,с Женьком во Владимире,"2l
2000 ₽"
2025-08-30,2025,8,30,August,30 August,1,Beer,2,l,5,2000,₽,хинкалыч и собака в костроме,"2l
2000 ₽"
2025-08-31,2025,8,31,August,31 August,1,,,,,,,,
2025-09-01,2025,9,1,September,1 September,1,,,,,,,,
2025-09-02,2025,9,2,September,2 September,1,Beer,2,l,5,1000,₽,фонвизинская-вднх с Ирой,"2l
1000 ₽"
2025-09-03,2025,9,3,September,3 September,1,,,,,,,,
2025-09-04,2025,9,4,September,4 September,1,,,,,,,,
2025-09-05,2025,9,5,September,5 September,1,Beer,1.9,l,5,1500,₽,"корона, алькапулька, центр Москвы с Ирой","1.9l
1500 ₽"
2025-09-06,2025,9,6,September,6 September,1,,,,,,,,
2025-09-07,2025,9,7,September,7 September,1,Beer,0.45,l,5,,₽,пивка после того как отвез Иру на вокзал,0.45l
2025-09-08,2025,9,8,September,8 September,1,Beer,1.3,l,5,500,₽,пивка с Лизой,"1.3l
500 ₽"
2025-09-09,2025,9,9,September,9 September,1,,,,,,,,
2025-09-10,2025,9,10,September,10 September,1,,,,,,,,
2025-09-11,2025,9,11,September,11 September,1,Beer,1.35,l,,300,₽,пивка с Лизой,"1.35l
300 ₽"
2025-09-12,2025,9,12,September,12 September,1,,,,,,,,
2025-09-13,2025,9,13,September,13 September,1,,,,,,,,
2025-09-14,2025,9,14,September,14 September,1,,,,,,,,
2025-09-15,2025,9,15,September,15 September,1,,,,,,,,
2025-09-16,2025,9,16,September,16 September,1,,,,,,,,
2025-09-17,2025,9,17,September,17 September,1,,,,,,,,
2025-09-18,2025,9,18,September,18 September,1,,,,,,,,
2025-09-19,2025,9,19,September,19 September,1,Beer,1,l,4.5,200,₽,просто чето решил что пятница. зря один пил,"1l
200 ₽"
2025-09-20,2025,9,20,September,20 September,1,Beer,2.5,l,5,300,₽,др сереги,"2.5l
300 ₽"
2025-09-20,2025,9,20,September,20 September,2,Whiskey,0.2,l,40,,₽,др Серёги,0.2l
2025-09-21,2025,9,21,September,21 September,1,,,,,,,,
2025-09-22,2025,9,22,September,22 September,1,,,,,,,,
2025-09-23,2025,9,23,September,23 September,1,,,,,,,,
2025-09-24,2025,9,24,September,24 September,1,,,,,,,,
2025-09-25,2025,9,25,September,25 September,1,,,,,,,,
2025-09-26,2025,9,26,September,26 September,1,,,,,,,,
2025-09-27,2025,9,27,September,27 September,1,Vodka,0.2,l,40,,₽,поминки,0.2l
2025-09-28,2025,9,28,September,28 September,1,,,,,,,,
2025-09-29,2025,9,29,September,29 September,1,,,,,,,,
2025-09-30,2025,9,30,September,30 September,1,Beer,0.45,l,5,110,₽,чет вместо безалко решил взять алко баночку под вечерок,"0.45l
110 ₽"
2025-10-01,2025,10,1,October,1 October,1,,,,,,,,
2025-10-02,2025,10,2,October,2 October,1,,,,,,,,
2025-10-03,2025,10,3,October,3 October,1,Beer,1.5,l,5,200,₽,левенбрау пол альбомы айко и ангела,"1.5l
200 ₽"
2025-10-04,2025,10,4,October,4 October,1,Beer,1.1,l,5,150,₽,сталкерстрайк: левенбрау оставшийся с пт,"1.1l
150 ₽"
2025-10-04,2025,10,4,October,4 October,2,Vodka,0.02,l,90,,₽,глоток чистого спирта у долговцев (нахуя?..),0.02l
2025-10-04,2025,10,4,October,4 October,3,Vodka,0.3,l,40,,₽,всякое прихлёбывал из фляжек различных весь день на игре,0.3l
2025-10-05,2025,10,5,October,5 October,1,Beer,0.8,l,5,160,₽,две алькапульки похмельных после сталкера уже дома под пиццку,"0.8l
160 ₽"
2025-10-06,2025,10,6,October,6 October,1,,,,,,,,
2025-10-07,2025,10,7,October,7 October,1,,,,,,,,
2025-10-08,2025,10,8,October,8 October,1,Beer,0.8,l,4.5,150,₽,чет случайно в Кб забрел и само в руках оказалось пиво,"0.8l
150 ₽"
2025-10-09,2025,10,9,October,9 October,1,,,,,,,,
2025-10-10,2025,10,10,October,10 October,1,,,,,,,,
2025-10-11,2025,10,11,October,11 October,1,Beer,0.5,l,5,200,₽,карлсберг в старом добром стамбуле,"0.5l
200 ₽"
2025-10-12,2025,10,12,October,12 October,1,Beer,1.4,l,5,800,₽,дорогое пиво. пишу тебе это письмо,"1.4l
800 ₽"
2025-10-13,2025,10,13,October,13 October,1,,,,,,,,
2025-10-14,2025,10,14,October,14 October,1,Beer,0.75,l,5,150,₽,,"0.75l
150 ₽"
2025-10-15,2025,10,15,October,15 October,1,Beer,2.5,l,5,600,₽,"черногория, добор до Котора и чилл там","2.5l
600 ₽"
2025-10-16,2025,10,16,October,16 October,1,Beer,1,l,5,250,₽,,"1l
250 ₽"
2025-10-16,2025,10,16,October,16 October,2,White wine,0.6,l,10,1000,₽,,"0.6l
1000 ₽"
2025-10-17,2025,10,17,October,17 October,1,Beer,1.8,l,5,500,₽,,"1.8l
500 ₽"
2025-10-18,2025,10,18,October,18 October,1,Beer,2,l,5,600,₽,подМглу,"2l
600 ₽"
2025-10-19,2025,10,19,October,19 October,1,,,,,,,,
2025-10-20,2025,10,20,October,20 October,1,Beer,1.5,l,5,500,₽,,"1.5l
500 ₽"
2025-10-20,2025,10,20,October,20 October,2,Liquor,0.25,l,30,,₽,ягер аналог на црно езере,0.25l
2025-10-21,2025,10,21,October,21 October,1,,,,,,,,
2025-10-22,2025,10,22,October,22 October,1,Beer,1.5,l,5,500,₽,бары с Вадимом,"1.5l
500 ₽"
2025-10-22,2025,10,22,October,22 October,2,Liquor,0.2,l,20,500,₽,настойки,"0.2l
500 ₽"
2025-10-23,2025,10,23,October,23 October,1,Beer,1,l,5,500,₽,суботица,"1l
500 ₽"
2025-10-23,2025,10,23,October,23 October,2,White wine,0.5,l,11,600,₽,винчика на троих пару боттлов,"0.5l
600 ₽"
2025-10-24,2025,10,24,October,24 October,1,,,,,,,,
2025-10-25,2025,10,25,October,25 October,1,Beer,0.9,l,5,250,₽,под роллы в спаре по возвращении домой,"0.9l
250 ₽"
2025-10-26,2025,10,26,October,26 October,1,,,,,,,,
2025-10-27,2025,10,27,October,27 October,1,Beer,0.95,l,5,300,₽,а просто так. в честь выхода из отпуска,"0.95l
300 ₽"
2025-10-28,2025,10,28,October,28 October,1,,,,,,,,
2025-10-29,2025,10,29,October,29 October,1,,,,,,,,
2025-10-30,2025,10,30,October,30 October,1,,,,,,,,
2025-10-31,2025,10,31,October,31 October,1,,,,,,,,
2025-11-01,2025,11,1,November,1 November,1,White wine,0.45,l,11,550,₽,"просто, под сериальчик, роллы, закуски. целую бутыль не осилил - и хорошо!","0.45l
550 ₽"
2025-11-02,2025,11,2,November,2 November,1,White wine,0.3,l,11,,₽,под уборочку,0.3l
2025-11-03,2025,11,3,November,3 November,1,,,,,,,,
2025-11-04,2025,11,4,November,4 November,1,,,,,,,,
2025-11-05,2025,11,5,November,5 November,1,Beer,0.8,l,4.5,160,₽,,"0.8l
160 ₽"
2025-11-06,2025,11,6,November,6 November,1,,,,,,,,
2025-11-07,2025,11,7,November,7 November,1,Beer,0.8,l,4.5,160,₽,две алькапульки,"0.8l
160 ₽"
2025-11-08,2025,11,8,November,8 November,1,Beer,0.95,l,5,250,₽,с Лизой пивка (я),"0.95l
250 ₽"
2025-11-09,2025,11,9,November,9 November,1,,,,,,,,
2025-11-10,2025,11,10,November,10 November,1,Beer,1,l,5,360,₽,пивка с Лизой,"1l
360 ₽"
2025-11-11,2025,11,11,November,11 November,1,,,,,,,,
2025-11-12,2025,11,12,November,12 November,1,,,,,,,,
2025-11-13,2025,11,13,November,13 November,1,,,,,,,,
2025-11-14,2025,11,14,November,14 November,1,Beer,3.5,l,5,2000,₽,бар ублюдочный,"3.5l
2000 ₽"
2025-11-15,2025,11,15,November,15 November,1,Beer,1.8,l,5,400,₽,др Мытищи с папой и Мишей,"1.8l
400 ₽"
2025-11-15,2025,11,15,November,15 November,2,Vodka,0.15,l,40,,₽,др в мытищах,0.15l
2025-11-16,2025,11,16,November,16 November,1,,,,,,,,
2025-11-17,2025,11,17,November,17 November,1,,,,,,,,
2025-11-18,2025,11,18,November,18 November,1,,,,,,,,
2025-11-19,2025,11,19,November,19 November,1,,,,,,,,
2025-11-20,2025,11,20,November,20 November,1,,,,,,,,
2025-11-21,2025,11,21,November,21 November,1,Beer,1.2,l,4.5,240,₽,3 алькапульки под ютубчик и голяка,"1.2l
240 ₽"
2025-11-22,2025,11,22,November,22 November,1,Beer,1.35,l,4.5,300,₽,после сбера пол прогулочку и под уборочку,"1.35l
300 ₽"
2025-11-22,2025,11,22,November,22 November,2,Vodka,0.05,l,40,,₽,да прост за компанию к пиву,0.05l
2025-11-23,2025,11,23,November,23 November,1,Beer,2.4,l,5,4000,₽,барчик с коляном,"2.4l
4000 ₽"
2025-11-24,2025,11,24,November,24 November,1,,,,,,,,
2025-11-25,2025,11,25,November,25 November,1,,,,,,,,
2025-11-26,2025,11,26,November,26 November,1,,,,,,,,
2025-11-27,2025,11,27,November,27 November,1,,,,,,,,
2025-11-28,2025,11,28,November,28 November,1,Beer,1.2,l,4.5,240,₽,три алькапульки под переклеивание проектора,"1.2l
240 ₽"
2025-11-29,2025,11,29,November,29 November,1,Beer,2,l,5,1500,₽,ладья с ублюдками,"2l
1500 ₽"
2025-11-29,2025,11,29,November,29 November,2,Vodka,0.05,l,25,,₽,настойка в ерше,0.05l
2025-11-30,2025,11,30,November,30 November,1,Red wine,0.55,l,11,500,₽,под фильмец на проекторе,"0.55l
500 ₽"
2025-12-01,2025,12,1,December,1 December,1,Red wine,0.2,l,11,,₽,под фильмец на проекторе,0.2l
2025-12-02,2025,12,2,December,2 December,1,,,,,,,,
2025-12-03,2025,12,3,December,3 December,1,,,,,,,,
2025-12-04,2025,12,4,December,4 December,1,,,,,,,,
2025-12-05,2025,12,5,December,5 December,1,Beer,1.2,l,4.5,240,₽,3 алькапульки под пятничку,"1.2l
240 ₽"
2025-12-06,2025,12,6,December,6 December,1,Beer,2.5,l,,1500,₽,лампопо ладья с Мариной,"2.5l
1500 ₽"
2025-12-07,2025,12,7,December,7 December,1,,,,,,,,
2025-12-08,2025,12,8,December,8 December,1,,,,,,,,
2025-12-09,2025,12,9,December,9 December,1,,,,,,,,
2025-12-10,2025,12,10,December,10 December,1,,,,,,,,
2025-12-11,2025,12,11,December,11 December,1,,,,,,,,
2025-12-12,2025,12,12,December,12 December,1,Beer,2,l,,,₽,бар после т-офиса с Мариной,2l
2025-12-13,2025,12,13,December,13 December,1,Beer,1.15,l,4.5,600,₽,с Мишей пивка в Ясногорске,"1.15l
600 ₽"
2025-12-14,2025,12,14,December,14 December,1,,,,,,,,
2025-12-15,2025,12,15,December,15 December,1,,,,,,,,
2025-12-16,2025,12,16,December,16 December,1,,,,,,,,
2025-12-17,2025,12,17,December,17 December,1,Beer,2,l,5,1000,₽,ладья - барка с Ирой и проклятый аббе блонд,"2l
1000 ₽"
2025-12-18,2025,12,18,December,18 December,1,,,,,,,,
2025-12-19,2025,12,19,December,19 December,1,Beer,1.2,l,5,240,₽,три алькапульки под мясцо,"1.2l
240 ₽"
2025-12-20,2025,12,20,December,20 December,1,Beer,0.45,l,5,100,₽,"эдельвейс пшеничка, прост, под форельку","0.45l
100 ₽"
2025-12-21,2025,12,21,December,21 December,1,,,,,,,,
2025-12-22,2025,12,22,December,22 December,1,,,,,,,,
2025-12-23,2025,12,23,December,23 December,1,,,,,,,,
2025-12-24,2025,12,24,December,24 December,1,Beer,0.9,l,5,160,₽,мэн дэйлик,"0.9l
160 ₽"
2025-12-24,2025,12,24,December,24 December,2,Vodka,0.2,l,4,,₽,мэн дэйлик,0.2l
2025-12-25,2025,12,25,December,25 December,1,,,,,,,,
2025-12-26,2025,12,26,December,26 December,1,Beer,1,l,5,500,₽,Чехия из Ашана под плюрибус,"1l
500 ₽"
2025-12-27,2025,12,27,December,27 December,1,Beer,2.5,l,5,2500,₽,крапива ублюдки тайный снорк бэнг,"2.5l
2500 ₽"
2025-12-28,2025,12,28,December,28 December,1,Beer,0.33,l,4.5,159,₽,корона,"0.33l
159 ₽"
2025-12-29,2025,12,29,December,29 December,1,Rum,0.05,l,,400,₽,ромчику с лёдиком под Офис,"0.05l
400 ₽"
2025-12-30,2025,12,30,December,30 December,1,Rum,0.15,l,35,,₽,под выбор студии в мытищах,0.15l
2025-12-31,2025,12,31,December,31 December,1,Beer,3,l,4.5,500,₽,нг в Реутове,"3l
500 ₽"
2025-12-31,2025,12,31,December,31 December,2,Liquor,0.15,l,35,,₽,ягера похлебал у Серёги,0.15l
2026-01-01,2026,1,1,January,1 January,1,Beer,0.8,l,4.5,,₽,вечерний расслабон под офис и робот пылесос. из подаренного на НГ Алейником ами,0.8l
2026-01-02,2026,1,2,January,2 January,1,Beer,0.8,l,4.5,,₽,оформил алькапулек под вечерок,0.8l
2026-01-03,2026,1,3,January,3 January,1,Beer,2,l,5,1700,₽,the pivo с Русланом Ксюшей Серёгой Федосом,"2l
1700 ₽"
2026-01-04,2026,1,4,January,4 January,1,Beer,1.2,l,5,,₽,под ютубчик,1.2l
2026-01-05,2026,1,5,January,5 January,1,,,,,,,,
2026-01-06,2026,1,6,January,6 January,1,Beer,0.8,l,4.5,,₽,,0.8l
2026-01-07,2026,1,7,January,7 January,1,Beer,0.4,l,4.5,,₽,,0.4l
2026-01-08,2026,1,8,January,8 January,1,Beer,0.8,l,4.5,200,₽,пару алькапулек примерно,"0.8l
200 ₽"
2026-01-09,2026,1,9,January,9 January,1,Beer,4,l,5,2000,₽,дача Кирилла,"4l
2000 ₽"
2026-01-10,2026,1,10,January,10 January,1,Beer,0.7,l,5,,₽,подгоны от Руслана и Ксюши попивал,0.7l
2026-01-11,2026,1,11,January,11 January,1,,,,,,,,
2026-01-12,2026,1,12,January,12 January,1,Beer,0.5,l,5.5,,₽,под ведьмака усосал последние остатки подгона с дачи,0.5l
2026-01-13,2026,1,13,January,13 January,1,,,,,,,,
2026-01-14,2026,1,14,January,14 January,1,,,,,,,,
2026-01-15,2026,1,15,January,15 January,1,Beer,0.8,l,4.5,180,₽,алькапулька,"0.8l
180 ₽"
2026-01-16,2026,1,16,January,16 January,1,,,,,,,,
2026-01-17,2026,1,17,January,17 January,1,,,,,,,,
2026-01-18,2026,1,18,January,18 January,1,Beer,0.45,l,5,80,₽,прост Балтика мягкое,"0.45l
80 ₽"
2026-01-19,2026,1,19,January,19 January,1,,,,,,,,
2026-01-20,2026,1,20,January,20 January,1,,,,,,,,
2026-01-21,2026,1,21,January,21 January,1,,,,,,,,
2026-01-22,2026,1,22,January,22 January,1,,,,,,,,
2026-01-23,2026,1,23,January,23 January,1,,,,,,,,
2026-01-24,2026,1,24,January,24 January,1,,,,,,,,
2026-01-25,2026,1,25,January,25 January,1,Beer,1.5,l,5,1600,₽,бар в передосе с кириллом,"1.5l
1600 ₽"
2026-01-26,2026,1,26,January,26 January,1,,,,,,,,
2026-01-27,2026,1,27,January,27 January,1,Beer,0.9,l,4.5,400,₽,пол настройку мака Иры дистантом,"0.9l
400 ₽"
2026-01-28,2026,1,28,January,28 January,1,,,,,,,,
2026-01-29,2026,1,29,January,29 January,1,Beer,1.35,l,4.5,255,₽,просто под офис... просто устал.. листал беседу семейную. плохо...,"1.35l
255 ₽"
2026-01-30,2026,1,30,January,30 January,1,,,,,,,,
2026-01-31,2026,1,31,January,31 January,1,,,,,,,,
2026-02-01,2026,2,1,February,1 February,1,,,,,,,,
2026-02-02,2026,2,2,February,2 February,1,Beer,0.9,l,4.5,160,₽,пивка под созвон с Ирой бахнул. Угостил пивком макбук,"0.9l
160 ₽"
2026-02-03,2026,2,3,February,3 February,1,,,,,,,,
2026-02-04,2026,2,4,February,4 February,1,,,,,,,,
2026-02-05,2026,2,5,February,5 February,1,,,,,,,,
2026-02-06,2026,2,6,February,6 February,1,Beer,1.2,l,4.5,240,₽,3 алькапульки,"1.2l
240 ₽"
2026-02-07,2026,2,7,February,7 February,1,,,,,,,,
2026-02-08,2026,2,8,February,8 February,1,,,,,,,,
2026-02-09,2026,2,9,February,9 February,1,Vodka,0.08,l,40,,₽,с мохиткой обмыл айфон 15 про,0.08l
2026-02-10,2026,2,10,February,10 February,1,Beer,1.13,l,4.5,,₽,корона и две алькапульки под мытьё посуды и Офис,1.13l
2026-02-11,2026,2,11,February,11 February,1,,,,,,,,
2026-02-12,2026,2,12,February,12 February,1,Beer,0.9,l,4.5,170,₽,пару хамовничков,"0.9l
170 ₽"
2026-02-13,2026,2,13,February,13 February,1,Beer,0.5,l,5,135,₽,из чижика немецкая пшеничка,"0.5l
135 ₽"
2026-02-13,2026,2,13,February,13 February,2,Vodka,0.15,l,40,,₽,с яблочным соком докинул к пивку,0.15l
2026-02-14,2026,2,14,February,14 February,1,,,,,,,,
2026-02-15,2026,2,15,February,15 February,1,,,,,,,,
2026-02-16,2026,2,16,February,16 February,1,,,,,,,,
2026-02-17,2026,2,17,February,17 February,1,,,,,,,,
2026-02-18,2026,2,18,February,18 February,1,Beer,1,l,5,280,₽,пшеничка немцев из чижика,"1l
280 ₽"
2026-02-19,2026,2,19,February,19 February,1,Red wine,0.375,l,14,400,₽,под роллы,"0.38l
400 ₽"
2026-02-20,2026,2,20,February,20 February,1,,,,,,,,
2026-02-21,2026,2,21,February,21 February,1,,,,,,,,
2026-02-22,2026,2,22,February,22 February,1,Cognac,0.1,l,40,199,₽,,"0.1l
199 ₽"
2026-02-23,2026,2,23,February,23 February,1,,,,,,,,
2026-02-24,2026,2,24,February,24 February,1,Beer,1,l,5,200,₽,,"1l
200 ₽"
2026-02-25,2026,2,25,February,25 February,1,,,,,,,,
2026-02-26,2026,2,26,February,26 February,1,,,,,,,,
2026-02-27,2026,2,27,February,27 February,1,Beer,2.5,l,5,5000,₽,"кальян, бар с коллегами","2.5l
5000 ₽"
2026-02-28,2026,2,28,February,28 February,1,Beer,2,l,5,600,₽,с Ксюшей и Русланом гуляли по сириусу,"2l
600 ₽"
2026-03-01,2026,3,1,March,1 March,1,Beer,2.5,l,5,500,₽,,"2.5l
500 ₽"
2026-03-02,2026,3,2,March,2 March,1,Beer,0.8,l,5,200,₽,две алькапульки,"0.8l
200 ₽"
2026-03-03,2026,3,3,March,3 March,1,Beer,1,l,5,300,₽,,"1l
300 ₽"
2026-03-04,2026,3,4,March,4 March,1,Beer,1,l,2,300,₽,,"1l
300 ₽"
2026-03-05,2026,3,5,March,5 March,1,,,,,,,,
2026-03-06,2026,3,6,March,6 March,1,Beer,1,l,5,300,₽,покерок,"1l
300 ₽"
2026-03-13,2026,3,13,March,13 March,1,Beer,1.8,l,5,400,₽,"4 пивка, покер","1.8l
400 ₽"
2026-03-15,2026,3,15,March,15 March,1,Beer,0.33,l,4.5,150,₽,корона перед вылетом из Сириуса в магните по пути,"0.33l
150 ₽"
2026-03-16,2026,3,16,March,16 March,1,,,,,,,,
2026-03-17,2026,3,17,March,17 March,1,,,,,,,,
2026-03-18,2026,3,18,March,18 March,1,Beer,0.9,l,5,200,₽,Хамовники в ванной,"0.9l
200 ₽"
2026-03-19,2026,3,19,March,19 March,1,Beer,1,l,5,300,₽,с Лизой на торфянке,"1l
300 ₽"
2026-03-20,2026,3,20,March,20 March,1,Beer,1,l,4.5,330,₽,3 короны по скидке под большую маленькую ложь,"1l
330 ₽"
2026-03-21,2026,3,21,March,21 March,1,Beer,3,l,4.5,2000,₽,много корон по скидке у Кирилла на новой хате,"3l
2000 ₽"
2026-03-22,2026,3,22,March,22 March,1,,,,,,,,
2026-03-23,2026,3,23,March,23 March,1,,,,,,,,
2026-03-24,2026,3,24,March,24 March,1,,,,,,,,
2026-03-25,2026,3,25,March,25 March,1,,,,,,,,
2026-03-26,2026,3,26,March,26 March,1,,,,,,,,
2026-03-27,2026,3,27,March,27 March,1,,,,,,,,
2026-03-28,2026,3,28,March,28 March,1,Beer,1,l,4.5,300,₽,3 короны по скидону из пятерочки,"1l
300 ₽"
